10,130.1,412.6,503.4,198.6,471.9,445.3,610.1,788.4,260.1,376.7,578.3,358.9,649.6,386.6,55.8,379.9,388.8,848.3,152.1,177.4,432.6,132.7,611,704.6,2185.8,143.6,269.7,134,355.1,281,470.4,894.2,255.4,1295.8,273.1,154.2,234.5,2085.6,154.7,428.2,312.7,588.7,279.3,339.2,396,429.6,687,595.3,72.8,138.2,178.2,156.2,371.7,215.9,319.9,427.6,1210,417.3,95.8,699.7,856.9,192.7,82.5,194.9,312.2,531,249.5,954.5,591.3,572.1,202.1,115.5,907.5,139.6,114,693.6,198.5,251.1,406.5,239.9,487.4,131.1,46.3,575.1,123.7,97.6,213.3,63.2,144.3,312.7,137.3,166.2,126.7,1416.7,110.5,237.8,160.4,156.6,114.5,190,1120.3,53.5,76.1,62.2,134.5,17,127.1,238.9,154.9,164,255.2,11.3,108.1,148.2,181.3,28.6,76,60.2,10,156.8,44.4,42.2,98.4,304.7,199.9,71.2,219.1,295.8,178.8,85.8,139.6,171.5,151.9,105.6,180.8,148.3,279.4,156.7,95.6,171.4,100,243.5,162.5,235,615.4,230.3,687.9,104,188.8,173.8,229.7,105.5,242.1,280.2,171.4,2837.4,514.9,500.4,131.8,283.5,572.7,92.1,142,246.1,108.4,142.4,76.9,662.3,1124.1,494,160.5,153.7,303.8,1343.5,625.2,236.9,81.1,1138.2,914,1009.8,191.7,1039.7,136.5,90.5,44.2,113.3,121.9,86.9,146.8,237,117.7,204.8,226.6,120.9,121.1,675.8,257.9,150.7,122.1,140.3,191,248.8,109.6,194.5,1348.3,671.2,15.1,102.5,156,163.7,100.3,90.7,239.5,215.5,168.9,81.5,166,116.9,149.9,83.6,116.7,92.3,251.7,212.5,162.4,110.5,503.2,13.8,143.1,192.2,132.7,218.9,75.7,229.4,178.8,115.9,44.2,1135.9,63.8,143.3,243.2,188.1,515.3,136.3,222.6,10,10,126,106.2,136.5,246.2,37.1,104.8,195.7,97.6,122.1,286.8,180.8,97.3,145.9,457.5,383.1,140.5,118.6,172.9,746.5,197,135.5,90.9,81.2,242.4,958.8,1624,113.4,99.8,106.8,290.2,230.6,280.1,94.9,194.7,148.7,88.2,114.3,114.9,817.1,394.4,84.9,142.8,108.4,593.9,348.2,137.2,1719.4,149.9,129.1,5783.1,1481.1,157.1,150.8,256.2,410,517.9,716.5,52.1,203,158.9,223.5,597.3,327.2,1966.4,113.5,220.9,597.6,253.8,90.3,2219.9,217.5,85.7,130.3,128.3,130.1,752.7,129.3,196.3,1581.4,116.9,494.2,922.1,370,928.1,202.5,67,93.3,295.7,506.3,765.5,30,1
201,488,547,720,10,686,441,629,869,418,692,632,442,668,300,305,456,470,865,274,241,396,356,725,838,1283,216,537,15,526,348,581,558,555,805,369,210,10,1085,20,513,361,490,323,436,426,558,689,524,142,425,13,30,604,12,373,663,911,625,263,383,745,279,166,152,304,619,40,851,560,536,468,51,741,449,258,561,285,533,686,516,557,163,128,662,10,66,452,89,278,359,214,210,19,1110,10,398,315,328,165,300,10,211,262,217,12,117,10,303,17,208,300,10,15,10,38,21,10,11,48,22,97,85,10,360,71,195,10,10,10,161,21,301,161,178,272,126,308,217,129,133,112,311,241,109,504,643,561,169,10,179,288,213,349,240,128,1358,542,539,304,450,685,287,190,293,175,276,125,563,867,501,131,303,390,414,638,10,198,651,782,666,581,651,168,133,128,168,256,379,121,233,204,191,213,222,175,636,302,200,247,110,10,226,210,188,743,626,10,233,226,171,196,283,417,255,182,131,211,112,142,152,166,160,391,212,373,198,504,164,192,178,156,238,241,63,130,31,50,1005,141,212,20,407,633,11,343,178,427,64,155,148,339,262,116,241,195,423,23,10,10,10,333,477,10,175,185,615,217,10,234,189,10,344,1091,12,218,195,297,18,10,157,15,181,178,144,240,725,472,204,320,150,733,10,163,10,284,149,1781,983,404,378,497,465,498,535,215,187,172,417,548,391,1163,10,353,421,259,283,12,268,166,21,359,96,704,298,75,691,140,442,716,410,664,129,144,170,212,901,803,216,1
10,13,28,10,52,10,143,10,430,34,141,347,241,306,338,10,45,333,106,36,41,199,105,326,265,2437,138,286,311,129,89,13,750,17,1422,218,160,608,2526,487,37,196,663,89,100,354,127,725,507,10,10,394,409,23,877,433,103,1236,10,10,140,57,218,12,10,60,184,703,735,102,568,10,342,929,10,30,797,10,24,133,25,103,56,10,364,360,236,20,126,24,41,11,27,334,495,243,10,40,10,28,40,10,10,10,10,349,10,396,71,412,50,91,10,267,369,470,10,697,49,374,619,10,10,165,43,184,10,362,510,262,10,557,29,42,10,41,18,304,103,71,34,31,92,33,26,76,43,263,74,421,28,72,38,10,77,110,1035,127,87,10,10,422,33,143,139,14,26,10,48,90,88,124,134,55,819,49,232,10,182,821,1100,85,155,10,101,10,35,10,39,152,155,10,91,12,80,58,714,32,84,141,10,424,28,10,170,2277,126,10,26,67,132,10,10,10,10,10,69,119,10,67,35,27,28,49,10,86,41,42,10,127,20,53,32,25,29,10,430,10,135,10,41,734,10,72,664,113,10,10,10,76,14,220,68,14,31,142,10,772,460,227,439,41,260,553,53,27,102,41,316,10,25,440,283,78,346,10,10,194,509,155,10,624,10,12,10,21,740,177,10,86,23,72,756,23,5119,10,10,3558,216,10,83,288,58,238,135,10,44,10,22,63,43,143,352,10,62,69,10,5936,104,30,373,100,66,159,10,10,149,86,39,621,223,1060,29,10,35,81,108,10,10,1
13,116,201,125,468,130,242,365,964,163,509,550,715,853,448,110,121,432,547,200,77,622,115,548,712,3362,215,430,213,387,327,323,1154,207,1821,317,196,310,3466,282,288,418,804,324,432,548,306,948,816,10,50,186,339,76,563,469,492,1415,212,28,588,363,231,45,28,290,356,478,1343,530,912,207,180,941,199,141,888,171,73,536,172,308,58,52,688,189,144,264,58,21,88,62,73,35,1840,262,67,194,61,43,132,10,19,10,10,204,10,233,279,277,136,365,10,153,96,330,19,76,49,485,294,10,10,143,123,294,52,339,342,137,19,347,60,127,84,147,80,349,106,146,68,10,311,168,84,227,143,558,107,301,161,96,47,51,167,119,4557,368,208,69,193,745,65,111,189,45,73,57,103,985,197,184,227,183,2415,398,239,10,664,1088,1460,101,1221,96,86,46,96,73,114,165,246,134,193,116,93,128,951,37,81,154,76,295,119,76,248,1896,240,1445,52,68,143,20,10,105,41,107,114,187,90,129,24,65,84,273,35,149,37,215,10,99,92,66,168,82,10,31,223,10,382,14,103,366,54,342,249,306,10,10,10,135,57,430,269,104,94,53,10,412,308,355,216,394,587,363,61,113,333,93,197,10,139,314,828,983,145,55,10,259,347,95,73,252,171,39,11,113,1074,423,33,229,102,377,477,101,4040,10,63,9323,1881,10,120,218,232,624,560,37,184,49,132,328,180,1500,219,106,341,325,15,4547,213,92,160,109,199,268,45,10,901,73,316,1149,504,1221,71,10,24,221,558,467,10,1
10,67,80,10,141,263,176,226,591,39,715,1044,636,538,161,10,177,496,310,95,70,607,137,103,356,3087,41,183,196,189,78,39,976,10,2036,273,284,420,3136,359,274,273,1140,336,346,328,144,410,708,10,10,210,157,47,529,744,110,2651,18,10,222,73,254,25,10,218,368,465,2219,288,1069,10,252,1098,94,126,1255,74,11,92,146,346,49,10,587,209,88,177,66,15,32,10,32,116,2316,271,50,10,10,19,103,10,10,10,10,181,10,301,57,267,62,67,10,222,10,260,10,209,167,236,412,10,10,276,80,59,78,333,374,227,10,187,151,68,58,116,43,568,169,71,59,109,316,100,70,470,127,1468,131,426,71,88,84,10,307,66,2769,326,217,10,101,683,26,85,450,146,170,44,186,350,232,194,381,123,1239,217,242,10,362,729,1200,40,1581,55,109,287,81,10,10,256,278,222,232,35,160,176,910,254,37,253,31,294,33,25,223,3129,866,387,28,64,349,10,66,65,39,20,106,191,20,262,10,76,200,75,87,501,10,358,10,31,157,17,143,57,48,47,279,21,389,10,116,671,10,10,172,277,10,10,10,196,95,1142,747,93,83,138,12,374,389,10,212,204,644,334,63,71,258,25,156,10,206,198,920,81,239,74,19,581,346,78,54,377,45,13,23,145,618,93,10,100,94,65,560,81,2513,21,22,6933,325,10,48,79,110,115,704,10,238,10,160,234,113,136,202,10,148,253,10,3903,115,10,204,99,134,123,38,16,466,90,10,283,144,1493,48,10,12,484,659,42,10,1
10,165,407,103,327,257,248,424,1173,219,1124,794,707,870,582,39,131,762,452,284,78,826,184,989,1242,3628,284,686,186,634,408,344,1315,387,2059,471,157,221,3641,281,449,565,1012,145,555,819,546,1168,808,10,177,190,279,88,355,606,697,1618,215,37,788,807,275,37,43,297,771,383,1513,707,1112,379,124,1290,299,294,1011,134,145,687,189,362,109,90,895,162,127,418,79,27,50,18,31,225,2232,254,85,269,286,179,391,10,10,10,10,148,17,220,493,276,133,34,10,43,251,277,10,136,190,30,296,20,42,107,35,428,40,280,294,195,31,212,167,110,109,244,45,516,112,235,135,143,371,271,24,246,214,537,95,312,86,102,48,40,161,65,1483,273,250,10,10,819,152,150,231,10,119,59,172,232,201,201,261,127,1899,348,180,10,342,1468,1577,106,1637,113,172,51,91,169,377,220,292,206,200,38,114,164,1154,119,87,245,10,265,72,39,401,2095,567,39,61,117,232,10,87,31,95,131,212,249,51,195,38,39,186,351,35,241,60,175,10,127,50,46,111,140,10,21,196,24,843,10,105,389,17,758,173,445,10,10,10,171,62,385,417,106,41,115,78,426,318,253,205,44,740,230,151,46,328,73,232,10,132,590,908,1407,181,60,10,303,118,412,37,195,52,36,21,42,1219,656,33,386,113,701,610,92,3343,45,27,4068,663,10,107,81,187,1001,564,10,189,48,182,268,123,1888,210,197,190,261,10,3377,206,55,195,188,135,436,25,10,331,76,536,1554,702,1491,54,17,17,258,377,147,10,1
10,10,10,10,10,10,233,10,18,17,26,157,10,212,26,10,298,138,134,10,110,483,97,229,186,1299,10,21,292,15,10,10,103,10,520,62,197,445,507,425,29,84,331,335,196,90,34,116,149,10,14,237,267,20,644,271,10,448,10,10,13,10,97,37,36,260,135,471,412,136,211,10,330,534,10,49,353,10,31,21,31,169,143,18,187,302,246,146,163,41,32,25,24,377,1195,245,73,10,12,18,158,10,10,10,10,274,10,447,10,484,63,136,28,79,452,495,27,435,355,346,439,10,10,296,63,120,43,401,589,273,10,589,166,107,21,16,45,180,109,10,22,10,191,61,126,286,144,332,49,418,114,58,79,96,90,219,1174,68,29,10,113,137,41,19,127,10,55,10,117,147,597,132,46,232,453,484,441,59,981,77,122,128,1820,100,36,198,76,10,10,138,319,43,195,48,73,100,132,172,73,74,10,514,80,10,219,1056,347,27,36,127,141,41,10,49,46,13,13,10,11,67,10,84,48,92,10,162,43,283,10,84,106,36,59,10,22,101,407,14,812,10,115,610,22,10,162,296,32,10,10,18,55,211,55,10,73,25,10,675,526,10,388,376,86,364,10,63,161,46,312,10,63,447,673,17,356,10,10,350,432,480,42,431,10,10,22,37,76,19,11,86,55,96,942,130,7016,10,38,4024,56,10,93,89,73,10,994,10,71,107,63,415,10,43,389,10,103,245,11,9220,10,74,439,10,169,249,10,10,503,76,15,10,10,552,80,10,40,90,589,10,10,1
78,125,535,340,63,642,464,627,1110,340,1176,738,744,850,489,30,279,699,794,311,180,765,212,1176,1388,2652,232,516,166,635,401,526,1113,384,1573,393,137,159,2672,237,564,500,869,166,485,548,578,1051,851,13,170,141,198,153,250,652,695,1514,411,113,576,778,273,46,86,368,619,291,1241,824,934,338,155,1152,270,300,970,178,215,820,317,522,129,75,777,136,130,412,662,92,194,74,62,138,1944,209,222,254,255,115,327,10,51,21,10,122,179,183,397,217,178,117,10,160,167,225,18,263,50,10,227,351,300,58,177,202,59,154,201,141,86,180,282,134,98,245,57,436,123,154,156,95,403,228,101,392,209,985,111,257,112,222,163,77,185,109,1422,383,301,16,53,884,110,166,298,105,203,80,201,393,214,182,284,236,1557,521,154,34,488,1334,1339,197,1575,102,146,141,146,249,241,188,286,140,232,73,110,156,950,228,107,298,33,206,99,56,330,1995,509,10,112,273,260,43,73,64,174,125,155,204,70,144,26,87,122,229,45,332,110,251,28,214,64,52,171,152,106,63,200,16,1184,68,159,297,56,761,82,513,10,35,10,129,108,351,367,58,100,74,122,288,113,30,186,217,647,237,162,125,546,153,172,27,163,206,1167,1617,150,123,55,330,182,200,72,216,94,79,78,63,1093,563,69,229,139,711,274,215,1938,57,43,3184,686,36,59,148,409,893,583,10,198,64,292,521,284,1953,157,229,232,275,39,2694,216,98,146,191,71,599,46,56,644,104,279,1253,559,1235,141,34,60,390,868,193,29,1
10,103,10,10,680,10,10,10,10,19,141,10,10,10,10,10,10,15,91,10,10,45,29,36,315,10,34,10,377,10,10,10,10,10,12,10,10,589,204,600,10,33,10,10,20,10,85,10,30,10,10,437,607,42,795,10,10,10,10,10,10,10,24,10,92,10,94,664,10,15,18,10,376,10,10,10,10,10,11,36,10,19,10,10,10,380,203,10,105,10,10,17,15,206,23,606,68,38,10,48,21,10,10,10,10,594,10,559,60,530,33,61,10,316,200,681,10,716,24,1115,400,10,10,302,10,631,10,540,618,337,10,717,10,27,10,10,10,10,97,10,23,76,10,10,25,10,39,10,10,757,32,10,10,10,19,164,10,10,21,10,10,10,17,12,20,10,10,10,10,10,10,10,10,10,10,10,388,10,25,20,10,93,10,10,133,10,10,10,10,17,10,10,10,10,10,10,10,10,59,10,10,634,10,10,10,130,10,11,12,10,10,10,10,10,10,10,10,10,10,10,10,16,10,31,10,35,48,10,10,198,10,59,10,10,10,10,476,10,10,10,10,877,10,10,360,10,10,10,10,41,41,10,108,10,10,10,10,972,612,186,483,10,52,729,10,32,105,27,395,10,14,612,10,55,493,10,61,10,272,176,10,554,10,29,10,10,18,10,10,31,10,10,382,31,6405,10,10,283,14,10,66,298,10,36,10,10,14,10,10,10,10,51,423,10,48,10,18,8369,10,10,782,37,88,10,10,10,22,10,14,19,10,23,17,10,68,21,10,10,10,1
10,34,10,10,46,10,46,10,10,16,21,72,93,10,10,10,78,55,62,10,30,130,54,159,92,377,18,10,293,10,10,13,10,10,153,10,27,778,198,758,10,39,139,10,18,10,41,10,46,10,10,423,158,31,1002,90,10,23,10,10,10,10,49,23,26,10,59,765,152,16,99,10,354,33,10,10,103,10,10,16,23,10,33,10,53,356,249,10,124,10,12,10,10,352,401,463,10,10,10,31,44,10,10,10,10,328,10,373,43,524,24,94,10,323,211,508,10,629,174,65,398,10,10,257,26,658,17,395,677,408,10,644,52,19,10,10,10,65,97,10,42,58,23,17,16,104,71,192,57,617,42,10,10,10,81,93,74,36,50,10,10,23,10,10,49,11,15,10,10,14,147,36,22,65,52,62,394,10,93,10,36,121,716,18,47,161,21,10,10,42,39,10,36,12,48,27,16,90,44,10,10,541,28,10,52,531,302,10,32,27,31,17,10,10,10,10,10,10,22,35,10,37,19,28,10,224,49,49,10,141,10,10,53,10,12,10,430,10,214,10,34,708,10,25,598,106,10,10,10,41,40,10,10,10,10,14,10,422,526,18,438,53,54,609,16,10,130,28,361,10,21,553,159,61,373,10,10,139,585,125,10,518,10,20,10,10,10,36,10,10,14,124,1286,100,4932,10,10,1053,10,10,78,280,10,22,605,10,15,10,13,90,50,47,534,10,71,35,10,5984,10,27,440,60,111,142,10,10,55,29,10,10,10,135,23,50,74,36,249,10,10,1
10,29,151,122,170,528,92,551,969,92,956,644,567,807,448,317,572,713,634,257,152,796,131,252,458,2653,145,510,113,241,198,552,1137,131,1550,377,147,92,2230,128,753,389,841,415,446,414,285,964,803,52,438,102,123,523,142,493,354,1854,385,20,482,659,275,129,123,516,630,164,1269,768,832,55,114,1302,323,167,899,315,117,273,684,1064,82,61,716,81,58,306,96,168,230,85,84,112,2192,117,312,73,156,44,303,10,25,10,10,68,266,100,428,146,216,80,10,138,103,153,23,52,1450,122,144,198,199,23,54,158,79,88,152,93,58,101,207,267,60,337,108,456,106,142,150,77,375,181,191,609,359,1053,165,137,129,137,228,748,369,144,1850,464,444,84,89,925,185,219,310,165,289,119,624,408,548,202,258,662,1179,938,127,96,364,1223,1276,102,1483,172,159,392,192,52,37,278,311,185,340,123,156,227,937,270,107,400,71,129,206,27,343,1773,828,81,148,212,261,128,148,129,423,84,130,232,73,187,53,234,152,377,92,515,113,327,87,128,142,30,196,116,66,86,124,23,964,125,247,168,246,394,48,460,135,10,13,105,130,402,199,53,116,126,148,190,159,87,99,223,430,108,100,114,841,228,65,103,271,18,874,811,83,76,124,358,70,17,158,150,138,36,129,135,983,341,276,165,109,199,217,478,984,30,102,3916,519,169,17,42,278,308,1733,10,258,108,518,823,173,1150,89,147,676,375,15,1663,242,340,156,120,420,442,17,76,489,99,118,800,433,1248,307,35,226,369,991,133,126,1
10,29,101,82,342,255,156,325,664,41,515,357,380,545,305,10,445,417,485,146,132,582,55,110,237,2750,103,253,144,112,98,262,917,54,1383,281,132,359,3006,260,463,319,643,327,303,315,144,818,530,10,230,266,124,321,360,271,175,1474,193,10,403,400,184,76,144,392,404,346,951,579,680,28,16,1049,322,186,780,82,172,158,264,499,92,69,457,145,124,196,52,133,153,66,31,85,2051,183,334,40,294,119,553,21,22,10,10,192,10,179,306,180,166,96,10,158,197,265,25,215,52,10,223,10,10,95,143,290,53,215,240,181,38,266,328,177,57,202,92,291,129,115,145,156,242,108,84,649,499,642,94,280,129,144,112,186,345,220,2161,604,456,116,213,643,256,136,233,249,252,40,430,537,651,164,138,396,1233,846,202,232,638,907,979,201,2139,88,103,28,165,44,31,232,267,156,152,104,68,176,658,413,80,142,10,245,203,23,244,1608,975,73,91,242,178,128,69,58,115,14,96,180,62,159,10,119,109,546,75,533,130,319,10,67,112,29,174,45,37,126,208,28,3277,71,157,341,182,185,188,404,47,10,88,89,151,298,577,35,62,91,217,383,266,18,173,306,397,206,52,167,841,180,141,131,216,309,766,611,123,10,123,371,161,42,102,262,149,93,51,40,842,232,56,152,80,66,502,111,2703,84,37,5138,478,61,46,97,158,217,764,10,212,181,212,705,104,1241,145,325,234,228,14,2871,204,220,229,117,198,1616,15,23,877,61,63,607,335,1008,137,15,44,154,1242,143,97,1
263,1150,465,683,10,637,604,640,948,352,1105,541,512,599,301,82,414,379,1171,281,166,507,227,913,1185,1734,193,459,76,682,417,540,680,442,972,365,118,66,1383,92,469,437,466,349,337,500,588,713,551,126,431,59,94,652,38,295,723,1011,476,224,345,892,258,122,136,305,889,74,902,550,560,446,80,857,774,433,512,203,908,742,575,935,258,168,611,51,31,356,164,195,399,225,146,52,1566,36,614,335,323,505,460,10,186,265,257,29,51,64,395,96,346,105,10,12,33,112,35,81,22,114,25,25,27,24,283,95,330,90,130,80,106,55,537,160,176,204,108,315,148,120,232,79,179,222,108,519,754,503,114,90,143,349,178,513,160,158,1489,642,606,278,212,646,377,186,216,172,272,93,500,506,569,145,249,346,599,787,135,273,505,863,775,755,1128,143,137,122,190,429,417,146,223,152,117,133,126,162,626,432,61,114,64,103,198,140,204,934,759,87,224,327,130,122,100,133,173,154,112,168,151,107,57,100,122,379,83,440,242,340,222,194,93,78,162,196,10,99,94,26,1859,120,129,116,288,689,64,466,119,227,73,114,167,255,242,114,106,133,749,135,104,10,66,278,423,51,146,190,620,193,73,261,189,42,428,1897,36,151,156,233,103,121,127,65,78,259,124,61,830,450,160,348,163,996,86,148,352,314,87,2652,795,353,260,376,323,577,795,207,200,166,543,621,465,2019,48,911,390,158,267,716,193,115,91,312,152,1366,200,13,634,129,582,937,524,758,128,269,312,203,991,489,239,1
10,20,16,10,1085,10,10,10,10,10,10,65,34,10,10,10,10,10,13,10,20,74,10,180,31,197,25,10,360,21,21,10,76,10,41,10,10,568,174,550,10,41,100,10,39,10,57,10,47,10,10,601,388,18,1163,61,10,10,20,10,10,10,10,14,102,53,71,802,101,10,66,10,397,19,10,10,67,10,24,38,22,10,44,10,23,383,339,10,154,10,26,26,17,421,457,555,10,10,20,70,19,10,10,10,10,394,10,459,54,574,23,31,10,380,204,494,10,799,56,584,441,10,10,408,10,662,10,710,696,477,10,632,10,10,10,10,10,19,83,10,29,106,16,21,31,46,43,137,10,524,28,44,10,10,45,69,10,37,55,10,10,10,41,10,27,10,10,10,10,21,40,25,24,10,10,10,374,10,30,11,18,82,299,10,55,26,10,10,10,13,43,10,10,15,64,27,10,55,86,10,10,589,19,10,10,512,78,10,37,41,27,10,10,10,10,10,12,10,10,10,10,10,15,12,10,35,53,10,10,113,10,59,51,10,10,10,439,10,49,10,25,1002,10,12,747,42,10,10,10,10,45,10,114,10,10,10,10,468,592,297,561,12,41,741,10,31,101,44,435,10,16,685,41,57,442,10,243,26,380,755,10,550,10,10,10,10,10,39,10,36,10,105,1516,13,9196,10,10,167,14,10,67,326,16,33,124,10,16,13,10,10,10,29,466,10,17,10,28,7800,10,25,344,124,58,29,13,10,30,32,25,16,10,94,10,77,10,10,10,10,10,1
10,133,182,123,30,300,147,158,240,91,386,482,141,441,58,123,376,207,387,95,88,391,79,187,361,2210,17,66,271,260,54,101,643,60,835,146,162,404,2436,268,422,177,371,401,164,264,183,185,354,10,44,289,236,250,362,233,87,1103,77,10,134,391,87,30,99,196,406,458,884,252,419,10,176,671,160,189,336,59,119,107,327,677,142,53,286,163,221,164,219,92,183,52,65,210,2638,139,308,20,42,43,299,10,10,10,10,162,217,284,140,369,95,87,10,186,274,326,10,10,13,296,217,90,112,104,70,16,94,473,552,299,10,189,439,101,10,85,62,259,130,24,167,89,133,26,54,516,643,676,90,327,67,109,63,155,234,184,1411,748,752,62,103,260,103,80,111,72,140,20,298,121,651,67,126,259,59,548,445,192,258,502,578,464,2642,119,102,236,94,164,99,105,208,100,193,53,83,87,396,539,58,73,10,280,129,27,182,1531,1362,10,76,134,135,86,25,41,314,52,61,99,47,91,33,86,89,162,45,544,148,249,186,98,77,10,112,43,15,115,230,10,3356,25,109,439,199,141,220,329,10,18,19,90,118,339,648,72,39,132,280,465,301,377,255,82,225,236,33,105,203,85,204,10,293,370,762,196,125,67,78,360,200,433,73,294,133,40,57,22,511,88,137,114,94,36,579,215,3242,103,14,3580,240,112,84,247,197,61,2004,10,183,171,251,476,174,527,199,149,224,220,18,3305,65,131,192,155,250,1448,13,17,223,81,20,211,160,619,52,10,115,130,1832,45,60,1
10,141,10,21,627,10,228,14,10,10,185,127,53,217,10,10,211,120,57,10,44,287,23,135,10,1420,10,10,311,10,10,10,48,10,673,38,86,711,1336,512,10,84,308,16,57,28,54,70,197,10,10,473,477,38,640,208,10,676,10,10,14,10,87,12,42,181,30,732,668,75,179,10,302,407,10,10,336,55,10,48,10,173,165,29,163,326,226,47,10,45,29,25,12,447,1679,398,38,43,10,31,205,10,10,10,10,327,10,397,88,609,28,223,10,281,412,501,10,30,137,56,364,10,10,226,43,491,59,735,922,477,10,550,121,99,10,10,81,150,12,10,13,79,110,34,114,449,54,147,70,564,109,27,46,10,113,114,1851,204,70,10,122,57,27,10,151,106,104,10,143,172,352,71,35,264,237,702,676,59,451,10,159,86,1716,60,136,10,88,10,10,225,239,26,103,29,51,118,30,316,72,47,10,499,133,10,137,1142,672,58,10,126,165,48,10,10,60,10,18,10,23,186,10,88,69,106,19,250,36,249,10,120,75,10,152,10,27,58,455,10,562,10,176,606,76,30,756,163,10,10,10,40,58,416,582,10,43,45,10,851,448,381,422,265,36,349,10,52,170,36,467,10,56,799,148,51,194,10,10,357,629,843,27,589,28,16,10,68,10,31,10,118,27,57,857,54,5373,10,106,6611,17,10,45,239,56,19,1128,10,121,10,42,496,36,47,300,10,93,58,14,5414,10,209,270,24,127,136,10,10,501,10,24,42,10,571,107,36,25,81,328,10,10,1
10,42,50,10,50,10,44,10,10,20,10,10,32,10,18,10,15,20,35,10,15,92,18,116,10,14,17,10,386,10,10,10,10,10,26,10,10,582,276,526,10,44,27,10,19,10,10,10,10,10,10,474,427,10,1211,10,10,10,10,10,10,10,20,12,10,38,49,760,21,12,18,10,320,39,10,10,61,10,20,32,10,98,145,37,10,359,323,10,10,10,16,21,11,470,447,540,10,10,10,10,10,10,15,10,10,369,10,580,37,621,24,60,10,407,510,460,10,633,39,10,408,10,13,326,10,601,10,712,963,528,10,452,43,10,10,10,10,41,78,10,10,257,13,10,21,10,20,10,10,545,10,65,10,10,10,59,10,29,33,10,74,10,10,46,28,10,10,10,10,10,131,37,10,10,20,10,422,10,10,10,10,102,139,79,88,10,10,10,10,13,10,10,10,10,67,37,10,50,82,10,10,645,10,15,10,81,210,22,10,10,31,10,10,10,10,10,10,10,36,18,24,10,10,10,10,15,43,10,10,10,10,10,35,15,10,104,432,10,10,10,10,884,10,10,470,10,10,10,20,10,10,10,129,10,10,36,10,869,520,317,384,24,10,477,10,49,143,32,536,10,10,748,54,43,360,10,10,10,315,96,10,610,10,10,10,10,10,28,10,10,34,77,1348,10,6847,10,10,286,10,10,86,46,10,17,28,10,14,10,10,10,10,90,386,10,49,10,10,8152,10,19,389,77,88,18,10,10,28,10,17,41,21,20,17,77,10,33,10,10,10,1
276,558,659,1239,120,886,1270,1059,1409,462,838,699,616,926,495,89,295,622,1255,299,518,681,210,1437,1521,2517,253,563,69,891,575,696,886,659,1354,492,221,62,2174,83,456,577,599,364,441,636,888,1098,652,186,140,32,47,772,94,413,863,1220,759,378,475,1040,394,160,55,303,861,129,1353,793,988,616,157,822,98,84,737,334,466,914,566,894,149,113,968,53,184,435,41,122,368,334,334,10,1735,10,234,399,175,145,141,462,132,191,173,34,10,57,360,43,236,81,208,89,71,57,369,37,10,99,69,21,28,74,88,103,75,81,122,76,203,90,137,140,195,182,141,244,203,153,122,103,332,362,367,476,107,796,120,86,256,419,268,353,162,123,3733,275,214,133,458,754,98,182,250,88,178,118,162,1184,133,193,277,467,986,846,92,50,459,1030,1030,151,619,136,116,287,105,104,82,178,238,95,481,221,193,185,867,118,152,201,613,71,186,106,183,1299,533,411,156,129,112,154,225,228,190,193,130,179,341,135,300,138,93,172,38,316,65,628,100,107,157,139,160,193,74,100,42,412,636,139,144,113,10,786,28,227,157,10,89,148,104,293,270,74,262,71,111,89,102,95,65,716,501,81,125,93,816,245,81,131,60,105,757,2455,29,154,89,174,116,120,168,48,138,69,139,245,937,648,304,146,159,1325,121,98,315,259,179,5986,2511,68,631,783,540,805,616,1432,197,87,499,751,477,2931,71,309,496,585,308,754,232,147,61,370,179,330,409,60,544,121,629,1071,548,1002,273,59,84,409,126,1217,107,0
266,482,689,1116,10,800,880,1001,1193,613,497,864,581,868,516,67,358,574,996,390,401,658,304,1037,1049,1658,337,600,20,753,561,813,767,750,1067,543,252,13,1521,33,579,522,648,315,424,633,767,989,710,168,190,25,25,815,28,524,919,1146,835,437,325,1043,399,241,53,430,704,79,1251,785,709,703,77,910,45,47,584,270,551,934,482,556,167,141,901,28,81,548,168,177,397,255,233,10,1115,10,62,500,164,97,130,10,215,305,259,22,128,26,403,31,331,602,10,26,13,37,573,11,28,52,36,113,107,10,215,53,29,19,31,26,165,51,87,231,178,182,167,265,175,152,104,55,481,449,523,431,166,737,125,54,290,524,365,924,219,118,1542,315,307,133,398,887,78,178,349,220,144,156,202,1181,205,226,321,481,390,523,32,61,674,1010,944,102,328,155,119,365,144,43,74,227,249,27,331,314,216,167,872,95,250,310,365,62,273,151,245,1013,308,10,300,145,185,246,378,59,664,211,136,212,184,132,250,217,110,111,99,161,54,686,395,106,235,135,270,205,478,155,27,513,400,169,216,53,156,872,10,225,105,14,108,173,142,265,143,79,264,95,48,47,10,10,33,443,650,36,177,147,812,237,73,198,66,19,628,1605,10,210,59,197,60,57,181,31,163,60,211,102,890,550,312,206,167,1143,35,457,71,247,160,2422,1344,79,638,828,684,819,646,597,215,105,410,514,449,1702,32,82,779,469,380,218,329,187,58,573,45,276,504,744,783,141,382,1005,442,811,232,343,451,395,115,1070,163,0
24,35,456,132,32,345,334,1027,2179,264,705,994,834,1533,1013,59,78,803,526,542,251,1320,161,528,753,3823,504,885,120,657,538,552,1451,476,2236,752,64,145,3746,183,283,729,1064,254,857,783,808,1607,1208,12,61,98,204,68,246,921,866,1926,410,86,809,858,631,49,13,520,465,345,2050,971,1068,515,158,1723,10,40,1314,235,55,890,172,139,11,66,1162,137,25,423,72,22,54,42,42,56,2131,154,10,481,96,63,131,10,28,10,10,170,14,141,700,232,199,134,20,182,51,132,128,45,38,317,284,16,23,27,68,37,13,174,195,102,148,139,33,266,157,224,133,381,108,230,58,58,661,381,207,316,53,1039,93,238,179,141,157,48,159,99,4711,191,100,11,36,1454,39,186,133,28,40,103,107,856,85,303,325,114,2936,422,77,10,338,1695,1927,36,343,139,116,256,85,10,102,282,308,133,377,207,108,193,1460,30,117,509,326,209,64,33,255,2144,229,10,67,44,278,63,326,86,32,121,125,221,237,196,50,90,145,137,10,196,24,300,14,51,134,58,202,74,49,60,109,169,120,31,140,238,10,909,105,284,10,10,10,151,80,349,391,30,144,33,10,220,194,248,138,554,740,230,183,74,671,170,88,10,50,150,1641,2185,149,43,10,211,157,214,134,178,111,19,80,163,1656,741,20,154,78,692,472,61,2500,48,92,8839,2304,10,105,117,259,1352,402,71,211,73,129,429,129,2630,188,17,256,373,30,3049,439,12,205,153,106,68,59,54,466,59,613,1932,669,1518,218,10,17,377,59,367,10,0
10,167,247,394,10,370,290,490,956,154,379,530,552,732,516,239,303,409,625,179,295,615,96,345,518,2404,189,282,118,317,268,506,830,197,1444,302,180,149,2361,170,313,317,640,278,540,408,241,816,753,79,164,94,230,381,233,521,354,1002,397,65,381,523,270,147,70,364,387,282,1161,632,607,193,142,981,201,195,863,285,271,482,390,546,113,89,616,148,66,293,87,124,249,110,118,128,1361,84,166,157,256,103,318,10,88,45,47,90,42,143,292,233,192,782,10,103,158,195,84,64,70,277,350,27,34,10,147,24,63,134,180,122,79,171,234,203,69,145,87,240,145,101,130,88,409,179,508,476,174,637,80,217,222,149,161,675,246,149,2583,302,227,123,220,736,212,177,354,148,123,118,174,936,308,199,173,339,1716,652,102,61,1244,912,1030,136,1235,104,68,259,176,97,59,188,218,70,349,248,82,136,750,141,129,230,145,198,181,35,205,1497,401,1314,86,72,165,189,69,224,236,135,95,158,141,141,128,155,142,223,76,530,90,558,46,91,241,62,190,86,38,117,132,58,1688,78,196,272,11,624,76,350,401,10,118,95,113,209,217,68,153,37,138,224,207,10,135,435,438,215,94,145,527,207,103,57,142,166,1220,1282,148,44,96,309,179,197,205,174,88,146,73,127,751,289,137,127,126,297,292,306,2478,120,114,6106,1219,127,66,140,298,555,884,10,210,108,300,640,182,1668,184,343,613,354,72,2718,233,155,200,210,490,869,101,22,1577,68,151,888,357,925,307,25,115,365,343,437,10,0
143,122,580,736,19,682,594,1082,1248,429,1108,802,582,885,477,60,425,643,862,316,169,659,292,1072,1295,2046,219,448,29,596,329,709,1006,528,1042,434,150,32,1959,68,537,509,682,440,420,572,487,911,869,90,312,26,26,388,66,448,667,1308,618,215,718,945,354,130,147,384,777,60,1302,696,632,423,85,949,309,225,691,390,310,916,658,782,107,101,766,41,83,461,139,152,285,242,178,22,1469,15,390,365,179,144,231,10,115,126,113,27,125,43,419,66,342,74,10,62,10,59,34,104,132,40,27,141,126,55,45,60,65,50,54,30,133,26,164,252,202,334,142,332,187,170,161,104,372,351,396,519,254,878,160,60,211,420,297,199,217,111,2020,293,278,200,58,879,146,255,356,101,218,191,921,757,673,358,376,558,1004,895,36,44,137,1192,1031,133,992,213,164,121,172,135,262,222,261,89,250,139,240,218,894,151,318,330,457,10,191,109,365,1275,327,14,170,225,188,110,361,52,165,266,157,351,264,188,186,198,185,494,92,480,251,757,17,200,222,131,318,342,55,110,165,256,491,101,251,73,719,856,26,353,310,10,70,179,164,533,321,268,235,228,134,80,74,28,42,332,556,61,190,159,698,215,39,241,156,16,678,1813,43,223,140,276,50,14,152,55,274,45,125,648,948,562,139,480,125,993,55,190,426,128,187,3380,1220,314,122,167,454,633,505,136,322,80,515,772,493,1951,46,174,473,321,135,840,356,120,50,397,97,275,386,54,186,146,1000,966,417,859,267,46,95,354,117,577,202,0
155,48,758,208,110,482,827,1097,2237,347,905,1481,1184,1408,760,92,94,1108,773,594,152,1161,183,1146,1371,3401,612,1170,94,1402,1045,481,1635,932,2227,766,340,18,3308,149,440,987,1412,146,897,1399,1243,2002,1399,23,96,91,139,111,187,1050,1822,2430,353,127,778,1152,759,75,10,474,552,233,2095,1151,1345,973,102,1763,30,44,1563,417,83,894,281,423,27,79,1332,104,61,580,38,35,25,46,52,38,1653,125,20,766,82,77,115,445,28,10,10,141,10,134,721,144,181,222,10,12,10,120,593,44,124,219,158,10,13,10,12,147,21,102,113,71,124,128,40,284,219,289,127,564,76,295,41,114,772,573,203,220,69,1132,176,190,191,246,232,81,150,67,2926,193,138,10,38,1453,54,202,661,41,48,152,165,740,109,377,582,179,1498,308,76,10,190,1991,1700,36,368,97,173,201,100,37,152,401,389,237,501,106,123,237,1720,29,154,466,254,187,62,51,483,2219,199,29,54,57,515,51,192,66,88,215,207,368,415,265,181,84,206,118,10,351,37,328,10,72,146,111,196,144,186,70,79,44,128,35,204,195,10,1184,118,287,39,10,10,253,53,628,374,182,92,101,10,190,167,103,104,225,1277,177,307,62,380,79,86,59,81,10,985,1831,105,114,56,223,68,141,94,189,115,10,71,71,1846,1225,74,251,113,1537,204,88,1467,39,42,5221,1883,10,200,269,308,1869,614,430,256,37,188,302,175,2136,102,65,569,591,29,1833,530,29,85,312,461,68,84,189,191,35,817,2412,1031,1729,181,11,17,458,76,367,11,0
170,429,376,708,50,422,553,683,996,411,493,588,534,523,473,78,220,375,851,228,159,500,124,809,838,1928,264,369,126,595,345,519,791,384,1184,332,65,157,2244,181,382,402,488,312,421,559,520,827,484,132,138,102,171,291,182,442,747,1071,499,169,718,864,211,162,58,244,425,245,999,541,707,420,134,791,257,196,725,232,429,594,402,536,120,76,676,106,165,271,89,114,323,133,192,72,1218,122,307,315,324,267,284,10,111,166,127,121,15,159,218,218,149,1178,10,121,76,115,397,198,57,105,193,11,16,98,182,166,177,120,145,57,113,138,239,155,147,128,139,307,156,127,231,105,285,248,303,342,130,605,84,209,188,191,130,498,182,107,3160,409,294,148,340,642,161,160,286,108,113,102,185,1338,316,228,164,218,2556,544,142,56,1323,820,1067,285,1305,93,86,175,115,256,130,168,181,96,250,263,149,130,697,135,83,203,220,160,191,106,243,1232,402,117,101,149,128,123,79,259,105,137,118,212,143,134,166,113,126,222,126,215,88,467,92,166,142,80,179,134,14,98,104,149,1402,93,143,193,10,743,73,316,10,22,160,112,106,185,74,158,234,127,265,234,202,10,122,766,484,159,126,114,724,144,108,97,87,172,1004,1764,114,94,101,213,93,190,129,187,136,218,86,75,842,435,100,184,99,977,356,159,1463,158,114,5005,2448,82,468,621,402,694,547,756,181,90,352,531,311,2236,148,819,603,258,160,1903,228,217,106,282,130,987,221,28,1883,103,846,1079,367,906,191,83,142,325,302,1156,104,0
505,187,838,546,10,805,916,943,1065,629,816,890,617,800,439,418,238,663,1031,527,196,586,505,912,1070,1280,404,695,10,919,593,755,787,872,997,542,227,10,1214,10,585,538,713,363,570,788,793,880,690,124,217,15,24,332,21,468,998,1053,714,451,414,896,465,115,38,428,840,61,1026,727,617,677,51,853,275,162,665,352,268,892,607,630,166,196,825,10,93,608,204,103,221,184,252,10,1149,10,219,560,193,102,163,46,98,126,103,11,153,13,502,23,293,572,13,10,10,10,518,10,72,46,10,192,169,10,99,53,124,10,10,10,238,42,134,362,280,335,172,359,163,261,169,172,481,501,345,351,111,713,216,29,224,499,328,262,207,74,1401,347,378,144,258,820,87,299,404,89,189,264,465,994,182,346,407,349,764,537,17,26,389,993,765,137,503,231,131,263,135,147,189,371,305,172,280,155,498,240,777,74,380,363,574,21,240,214,301,827,309,19,166,134,276,108,516,489,274,381,205,379,359,224,180,155,245,272,105,170,49,641,63,184,175,314,327,292,581,113,25,88,471,149,275,37,93,757,22,299,73,16,51,279,115,326,206,413,450,228,69,47,31,21,20,591,664,27,306,97,674,158,39,194,109,16,388,1280,10,297,110,238,92,10,178,27,255,63,163,324,823,731,134,261,462,1177,16,279,50,57,145,1685,1131,58,668,808,555,731,583,847,336,76,497,471,503,1273,13,142,522,447,180,159,388,153,16,467,56,279,528,1030,438,187,685,985,527,825,300,128,156,242,204,862,255,0
10,10,100,10,301,734,583,340,748,16,431,1631,1347,761,20,10,442,231,377,42,108,1112,92,13,386,3575,10,10,115,196,64,109,860,30,1448,223,387,33,1847,258,235,128,955,424,375,161,80,110,752,10,13,97,218,63,198,748,10,4075,10,10,12,69,182,10,39,425,319,208,2574,162,766,61,110,700,50,80,1892,138,10,48,79,660,98,10,364,96,93,247,10,30,131,274,56,163,4645,139,35,10,32,10,94,10,10,10,10,102,170,194,29,215,45,395,10,23,74,119,174,106,521,267,352,10,10,125,173,181,10,152,226,145,10,137,326,95,54,48,40,364,123,18,113,99,124,97,279,1412,128,2076,303,280,123,113,561,25,721,108,2974,257,283,20,99,178,16,100,554,377,372,10,413,972,580,101,310,553,547,825,78,195,557,214,371,79,1985,267,66,262,81,10,18,635,411,88,164,133,184,310,257,695,63,203,48,140,376,10,164,2826,523,17,31,48,583,129,181,187,630,34,50,120,39,311,88,157,186,44,134,546,59,1475,26,34,460,10,328,13,62,272,242,10,1311,11,210,195,291,10,53,446,81,10,152,203,69,1810,1293,109,138,565,64,275,150,177,126,904,340,126,10,80,836,13,116,10,47,37,383,18,89,68,461,811,76,245,281,198,197,12,115,409,120,10,29,32,107,110,252,156,1880,24,138,9678,161,10,22,70,286,10,1777,10,335,90,142,698,286,23,121,10,111,67,10,2941,79,322,191,225,64,171,10,57,656,140,10,12,10,900,59,10,18,215,1165,24,203,0
10,81,267,175,343,712,140,527,994,135,295,816,232,846,224,36,338,332,611,242,187,883,110,276,544,3424,70,194,106,304,194,321,1235,99,1407,298,171,165,2888,195,680,215,763,309,381,335,413,484,736,10,13,82,198,268,383,438,241,2536,271,10,146,675,252,24,52,442,360,280,2106,402,815,10,156,842,46,88,956,97,61,187,240,343,105,17,607,132,88,177,361,105,197,93,38,146,2514,188,106,10,12,16,176,238,13,10,10,104,575,152,204,162,80,261,10,116,69,146,149,106,69,133,177,510,505,68,18,206,11,227,318,109,12,122,171,128,67,60,65,285,116,51,175,57,332,114,168,713,213,1388,152,199,169,209,417,96,309,142,4097,463,353,64,169,842,50,186,91,244,178,53,227,807,346,161,265,237,509,562,121,143,412,1018,1094,159,1339,158,99,315,97,37,47,315,239,53,362,270,225,137,909,269,107,227,332,201,200,41,136,2375,695,10,117,157,208,149,116,165,373,147,57,163,33,102,69,100,125,65,79,463,73,756,89,116,258,29,247,50,71,181,173,127,1328,31,151,354,93,263,65,274,63,10,556,118,90,665,432,152,114,143,159,126,198,132,151,319,464,263,54,157,1115,112,80,10,66,189,1244,224,143,115,197,329,227,28,167,159,199,12,119,211,773,141,82,66,122,132,476,226,2056,31,132,8473,848,23,44,117,371,103,1363,10,247,60,216,481,298,387,190,26,187,322,28,3148,235,244,114,262,78,483,55,23,490,99,10,345,157,1053,166,16,92,374,411,258,216,0
67,219,609,885,142,863,615,984,1377,439,884,728,671,930,551,142,461,513,1126,444,312,539,204,981,1150,2278,241,535,37,608,453,777,1005,477,1270,556,70,47,1757,70,544,588,774,328,452,656,800,1008,618,99,338,41,18,764,77,420,805,1461,765,273,637,1127,396,159,285,439,835,75,1365,758,719,508,92,1160,254,154,794,247,461,865,462,697,125,124,954,26,110,471,92,191,315,225,151,12,1498,33,251,375,211,191,261,770,129,189,173,44,54,50,404,79,371,29,10,51,26,62,186,37,31,80,32,36,36,56,61,131,72,67,63,37,190,47,182,189,134,270,98,328,142,146,163,77,423,372,288,486,490,767,109,64,234,396,264,877,238,141,2097,311,317,227,56,836,207,174,296,189,176,141,766,750,723,157,330,446,1008,613,43,151,393,1247,1222,213,878,159,99,313,142,96,151,232,193,118,191,149,139,150,942,171,166,213,158,57,186,106,200,1237,747,352,204,161,208,171,191,95,375,178,100,182,108,118,182,168,103,331,79,530,134,518,272,176,137,100,199,207,392,123,76,178,1152,84,150,107,191,913,26,293,321,62,68,122,167,322,158,87,237,153,195,87,89,26,52,270,542,73,152,151,917,252,10,192,116,35,748,2104,47,169,88,228,83,10,125,64,136,127,146,80,1011,552,264,295,93,819,115,297,397,208,129,3715,1162,346,236,313,573,692,897,100,191,104,398,566,381,2043,55,292,951,246,189,751,250,130,47,232,471,815,230,538,522,93,715,1178,558,1038,340,109,202,362,527,589,151,0
10,24,241,70,352,564,396,549,996,103,394,968,655,863,220,10,228,521,586,242,196,1118,126,188,398,4279,51,174,157,358,184,206,1422,73,1626,282,412,530,3233,298,588,235,905,176,365,444,407,601,931,10,13,237,340,97,356,503,232,3134,233,10,129,717,345,30,28,387,386,427,2756,510,806,13,183,1215,27,61,1269,54,12,230,184,379,85,16,732,222,13,206,64,74,86,68,10,244,3086,90,40,33,10,10,118,10,10,10,10,312,10,216,159,230,116,327,10,216,110,249,115,132,144,10,91,13,26,206,36,247,49,303,266,157,10,220,93,115,21,57,96,313,53,44,66,280,315,59,220,610,68,1665,151,340,99,141,237,28,261,10,2943,508,334,10,104,621,21,91,412,141,149,18,185,459,198,180,269,202,1198,481,172,10,252,1230,963,63,1050,144,133,248,94,23,29,446,254,60,230,91,163,168,859,81,129,295,174,318,114,14,131,2861,408,54,59,10,350,68,139,123,309,95,49,133,14,215,10,85,103,47,44,506,38,565,10,151,213,10,239,27,57,130,272,47,276,10,141,380,17,225,240,152,18,29,61,153,122,909,497,99,84,114,10,347,403,116,240,302,606,240,70,56,917,79,152,10,67,332,1148,341,220,70,28,327,83,195,104,336,222,10,66,88,899,186,31,58,142,118,709,185,3168,15,129,9044,345,10,39,85,227,178,1190,10,244,48,144,384,87,586,111,19,254,234,10,4396,203,198,330,165,134,149,10,50,201,150,40,498,180,1165,123,32,43,337,166,128,112,0
131,635,765,1133,10,1021,1362,1222,1642,597,670,980,738,1091,628,100,243,623,1448,566,329,817,217,1141,1251,2461,339,647,66,920,591,836,1009,729,1399,594,98,55,2000,80,582,634,751,281,614,786,1003,1255,835,152,317,40,68,695,92,543,1139,1497,987,441,374,1291,453,131,69,446,679,108,1545,883,779,693,102,1214,279,193,920,207,591,1156,416,647,175,125,1093,63,169,596,73,114,361,259,131,23,1482,28,185,463,245,221,279,10,117,200,177,54,41,59,505,113,248,428,10,54,10,69,264,63,33,18,51,10,18,57,37,154,125,67,132,64,214,76,301,181,151,130,107,302,114,139,223,51,517,472,380,322,261,1112,88,77,187,593,402,814,167,115,1930,401,431,144,78,1036,193,161,408,164,115,155,197,791,299,164,364,336,151,447,111,100,359,1357,1183,288,984,125,105,270,130,212,109,254,259,71,236,259,149,125,1075,185,156,231,174,116,146,97,172,1442,375,145,214,121,226,177,141,150,268,152,97,145,94,119,99,122,108,244,39,358,120,510,158,164,117,106,177,136,150,117,66,208,1389,146,144,128,47,1180,37,298,92,10,221,116,144,284,148,163,134,117,334,84,105,49,64,244,661,74,130,161,951,241,51,148,129,103,897,2518,55,208,87,187,96,98,130,73,99,192,156,38,1232,709,173,184,177,1330,138,285,481,210,87,3229,1079,134,379,458,672,934,682,315,176,96,381,428,383,2658,65,533,453,270,259,896,289,126,58,359,158,989,298,140,480,80,455,1348,639,1111,179,168,245,380,197,766,159,0
10,10,82,31,459,10,155,131,462,59,171,603,300,605,514,10,57,373,204,105,68,479,68,252,284,3050,137,282,265,200,179,61,1085,23,1683,296,221,514,3259,449,94,157,704,120,299,475,181,751,648,10,10,262,395,68,598,506,136,1644,38,10,189,251,201,10,73,152,362,593,1581,231,464,23,164,713,10,10,984,10,22,165,30,132,93,10,445,306,10,133,60,17,21,23,95,414,1427,387,10,20,10,34,40,10,10,10,10,415,10,304,241,540,79,405,10,207,368,459,73,261,94,827,299,10,10,216,35,351,10,426,368,200,10,493,10,98,10,52,72,272,221,94,47,77,213,71,117,218,52,332,158,433,99,78,13,17,134,51,2650,205,58,10,74,294,22,19,188,22,43,21,40,349,91,212,162,42,715,154,270,10,194,886,1132,21,277,10,40,71,49,10,10,302,191,29,260,78,64,120,785,10,88,318,135,367,29,10,190,2752,138,17,56,21,244,10,42,37,35,35,104,171,41,111,13,57,96,29,10,214,27,257,10,84,78,10,117,27,95,55,291,108,54,10,74,538,10,66,303,122,10,10,23,34,23,540,607,45,67,94,10,593,466,431,363,253,503,528,18,48,252,36,279,10,36,448,622,136,299,10,10,266,336,540,43,417,45,13,12,70,627,143,10,116,80,36,924,47,5292,22,18,8397,532,10,73,112,130,194,323,10,117,24,69,186,35,192,300,10,223,302,10,6144,104,82,254,87,163,53,10,61,180,119,44,644,232,1064,68,19,40,286,20,75,10,0
10,55,419,339,313,996,710,493,1359,253,527,813,440,902,541,10,135,820,819,359,163,886,161,715,936,3700,232,401,195,431,390,690,1373,317,2460,358,25,162,4112,220,391,569,900,278,450,909,635,1207,969,40,91,148,229,192,283,620,627,1900,401,54,528,846,304,51,74,399,520,326,1836,1075,946,222,128,1412,72,47,1160,474,50,874,208,322,64,72,884,148,13,376,134,32,201,110,153,173,1387,192,191,222,29,34,102,10,24,10,10,136,136,161,350,207,157,22,10,125,68,214,313,161,27,382,142,118,98,55,11,218,17,232,194,97,40,191,57,157,81,137,266,450,180,172,113,154,455,280,256,351,58,1034,108,255,122,155,158,133,153,103,2822,615,592,13,92,722,46,203,420,31,186,59,349,749,249,170,317,167,126,484,153,10,76,1714,1408,57,582,78,102,148,108,23,77,351,279,62,276,73,214,166,1393,64,192,363,104,228,173,19,313,2351,248,58,73,48,238,15,121,171,102,173,165,261,88,161,87,148,102,129,43,313,77,485,10,110,96,205,133,97,520,62,124,164,198,61,136,326,43,624,147,250,10,10,158,187,114,374,111,678,215,167,10,309,235,208,179,587,740,214,144,125,800,149,121,28,70,232,1020,1082,103,75,10,213,97,29,88,216,173,17,52,366,1112,431,64,290,113,527,493,142,2658,50,199,5779,1149,10,52,131,345,650,742,25,131,63,141,483,273,1519,161,28,678,276,58,3143,312,206,240,166,164,118,95,660,72,92,274,1519,766,1811,157,14,35,301,115,355,45,0
170,135,589,660,226,777,1014,1288,1714,387,407,879,894,1072,521,217,78,612,1106,319,183,817,138,910,1081,2418,381,567,151,973,778,779,1419,590,1938,639,252,296,3098,193,287,711,877,218,645,869,977,1497,1070,10,98,150,251,138,320,702,1100,2136,598,180,731,1134,366,30,64,415,595,372,1763,933,934,446,148,1245,10,53,1204,314,113,726,218,277,63,78,968,146,87,366,63,23,163,123,82,176,2321,161,80,408,64,75,96,10,18,13,10,162,10,155,553,290,215,382,10,147,189,297,375,195,26,180,348,10,10,216,52,202,40,131,183,140,92,198,105,142,116,115,71,433,32,174,61,106,436,311,166,184,46,898,96,258,168,300,193,72,144,89,2774,220,114,80,49,977,33,151,353,27,53,67,304,1059,183,213,266,184,1404,615,157,10,544,1683,1780,72,579,87,78,188,73,48,58,263,165,34,387,113,117,86,1211,39,120,193,312,228,116,53,249,2253,106,10,47,109,169,29,91,97,92,187,109,232,89,135,63,86,116,121,21,117,46,488,10,91,89,117,84,112,10,75,148,133,167,68,163,264,94,829,151,229,10,10,10,126,68,343,304,128,293,62,10,307,247,136,164,250,771,280,115,52,703,155,127,10,41,271,1238,2015,135,78,17,146,256,10,89,219,139,25,60,61,1622,792,47,205,134,1181,541,188,3393,60,61,6412,1555,10,81,167,465,1075,409,327,180,76,166,582,284,2546,162,72,343,499,78,3015,301,86,160,257,62,108,120,10,749,105,630,1781,591,1414,164,19,32,322,306,641,10,0
152,180,523,1027,200,760,920,1123,1392,385,265,774,510,860,505,10,239,415,1400,300,235,586,135,930,1290,2881,312,351,102,926,488,799,1035,480,1111,448,234,147,3062,164,416,570,636,322,458,792,955,1143,585,149,87,107,200,513,190,358,765,1641,692,258,551,1206,245,132,114,361,714,279,1404,710,625,348,117,1134,39,35,999,111,231,371,294,607,101,98,779,109,21,352,105,96,263,101,153,75,1738,112,76,370,107,109,97,215,66,132,110,90,51,107,366,190,308,264,10,98,151,178,34,149,32,143,134,45,46,52,46,10,44,131,151,92,141,134,85,190,95,134,100,242,154,126,147,133,325,269,307,367,115,686,87,160,211,486,307,321,146,139,3694,311,243,95,100,949,52,132,359,117,90,101,332,1681,335,177,213,212,726,586,109,53,374,1278,1199,138,376,76,53,177,80,29,39,253,221,92,221,191,140,109,916,48,124,130,352,157,209,73,170,1569,371,1135,136,45,217,164,124,198,422,146,66,158,170,89,170,130,91,68,17,268,53,795,228,138,156,104,178,169,62,139,127,378,562,100,102,194,10,529,47,108,42,10,137,109,123,224,211,76,150,110,57,251,190,109,119,494,602,157,118,116,1316,223,116,106,48,178,953,2228,76,86,29,191,88,248,95,183,146,43,79,93,1185,564,144,121,77,1205,335,314,1929,170,107,6287,2269,14,512,645,649,670,625,427,193,97,293,497,341,2726,142,107,388,269,124,2564,256,271,117,295,123,389,417,87,666,106,620,1266,256,843,252,131,243,386,167,1377,98,0
10,67,52,10,10,127,128,84,10,43,40,158,110,144,30,10,139,97,184,17,158,164,65,231,301,1019,20,10,325,69,10,24,340,10,379,33,32,212,531,544,128,75,185,80,56,43,113,16,142,10,10,234,288,36,575,181,14,614,12,10,10,39,33,10,37,89,140,402,542,142,569,10,315,209,10,177,151,10,16,67,56,206,122,12,170,298,147,92,127,25,65,10,20,392,1187,419,68,10,10,10,67,10,10,10,10,248,10,430,30,640,114,60,10,304,446,367,10,666,64,716,426,10,10,557,10,68,25,491,580,414,10,375,251,43,10,10,10,130,211,10,22,60,75,50,74,383,129,476,39,466,29,35,77,19,231,144,424,141,207,10,23,53,16,37,108,85,10,10,12,91,229,61,76,68,135,75,416,43,107,108,51,293,1731,55,54,518,28,10,10,90,152,17,55,10,135,30,59,492,76,10,10,489,13,10,16,903,557,13,45,29,149,10,10,10,143,21,31,10,10,28,10,67,25,10,10,185,17,185,79,264,45,30,48,22,33,95,423,10,1171,10,27,648,10,50,144,187,10,10,10,60,135,253,78,10,24,92,166,624,497,10,277,49,117,545,10,112,102,60,338,10,108,483,381,70,398,42,17,504,133,446,17,427,10,12,10,10,139,22,27,16,129,158,859,91,5214,19,10,1993,62,10,64,215,88,41,1743,10,85,10,88,114,40,73,522,10,104,52,23,8248,10,27,523,180,99,300,10,10,82,36,10,38,37,318,28,13,44,74,37,10,10,0
263,577,424,786,26,709,771,707,857,398,637,585,426,521,490,52,338,377,1027,271,230,488,172,844,1004,1760,234,374,95,714,372,537,686,398,1113,335,128,95,2170,132,349,425,501,297,353,527,551,682,459,138,223,90,128,560,133,378,784,976,546,202,791,866,186,164,153,242,697,213,1024,519,510,433,104,773,137,112,594,245,692,706,431,779,138,99,557,83,105,278,67,158,269,237,173,43,1294,36,230,310,245,179,191,928,110,182,126,64,23,117,269,107,195,221,10,65,132,101,120,49,36,10,52,20,19,100,123,36,150,110,167,116,132,158,197,141,117,152,163,260,112,75,273,128,309,218,483,420,310,628,88,170,197,290,129,732,162,105,2343,252,232,174,177,709,144,156,173,108,99,121,400,1017,431,118,182,313,2231,419,160,73,1364,771,961,205,942,85,84,313,92,138,113,115,202,97,216,207,119,115,603,178,240,115,239,148,163,145,193,1020,384,22,193,106,116,141,238,268,250,156,84,145,66,127,106,187,92,171,136,451,92,455,215,184,150,124,171,215,493,101,100,51,1039,99,165,190,99,609,71,237,10,48,101,84,114,125,12,92,191,103,175,203,149,76,93,630,406,101,96,144,630,153,94,96,92,143,978,1940,54,118,111,243,127,68,90,150,109,156,70,51,861,475,155,221,125,1118,167,378,589,142,98,4398,1333,209,422,565,461,696,759,597,157,67,420,422,389,2528,109,391,630,214,208,1175,192,99,100,298,218,748,234,620,1852,100,961,1084,367,817,302,146,229,342,338,918,64,0
16,111,310,785,138,613,511,708,888,310,427,594,396,694,482,49,351,404,868,205,245,550,140,774,1090,2218,259,347,146,415,334,543,887,317,1290,293,130,60,2620,205,367,419,559,202,370,595,449,776,478,36,183,112,212,536,246,385,575,1156,488,161,993,740,182,134,229,202,685,288,1021,603,541,288,17,896,38,56,771,220,367,668,346,544,145,92,620,122,56,359,120,139,276,82,174,106,1239,168,247,221,133,106,116,986,93,93,66,142,102,169,298,167,208,1392,10,161,159,112,376,31,59,289,285,37,39,178,237,23,48,150,182,141,49,141,115,175,109,158,95,290,104,89,185,62,298,256,229,456,290,780,49,212,156,189,144,679,168,140,2455,265,233,114,212,678,88,125,279,141,138,75,452,938,589,135,197,265,1411,542,163,56,834,971,1114,91,790,47,57,324,100,58,65,147,180,57,215,133,77,94,686,122,137,178,184,200,119,63,173,1425,400,763,103,128,186,96,75,256,392,94,71,149,73,115,96,179,70,111,35,299,69,549,148,187,122,109,161,134,261,95,143,247,669,47,127,240,41,439,57,140,98,10,206,92,120,139,186,67,194,94,65,262,193,165,123,508,519,259,94,139,567,161,79,63,67,197,1028,1652,82,59,115,182,10,82,80,158,100,50,118,80,955,460,164,202,123,792,368,406,2065,130,170,5217,1236,135,188,263,389,624,707,113,178,125,304,492,297,2234,123,138,702,204,118,2819,190,75,239,160,267,439,140,200,1169,94,918,1108,357,994,276,63,132,297,254,544,62,0
190,164,1064,1147,175,1138,1384,1524,2256,692,768,1160,889,1391,763,226,293,761,1435,565,279,1024,195,1353,1628,3007,378,781,85,1308,699,1049,1239,979,1721,670,144,77,2993,153,732,750,876,296,621,877,1232,1350,942,86,116,72,109,397,117,718,1516,2194,962,321,682,1409,410,47,44,557,1016,198,2011,1096,1073,632,199,1367,49,73,1186,161,263,1292,336,403,158,101,1025,77,119,568,93,135,339,207,159,53,1831,97,83,544,136,65,84,10,73,88,62,74,41,103,401,109,268,120,10,129,10,109,184,94,213,94,84,30,38,10,12,127,65,113,193,68,209,77,107,188,145,164,189,493,192,112,132,87,473,391,277,384,169,1513,96,154,247,557,432,307,145,93,2217,355,249,121,36,1442,38,161,538,133,88,66,447,855,270,183,471,227,340,512,169,25,243,1726,1370,59,623,123,82,212,72,42,90,332,301,65,225,128,110,146,1232,112,170,216,178,80,112,81,200,1742,516,10,174,130,311,98,547,93,275,153,78,175,111,121,111,135,121,89,26,258,46,679,47,96,151,127,210,210,69,118,83,120,322,127,146,177,12,1361,101,232,60,15,89,123,110,251,167,121,131,168,55,157,127,10,98,263,689,125,94,103,1198,177,108,88,55,104,1016,2499,95,191,55,215,84,17,86,94,181,27,138,165,1442,789,116,224,144,1497,164,239,428,104,140,4095,1149,167,224,277,810,1341,424,181,174,59,277,489,405,2742,83,116,346,250,138,1071,301,87,78,436,49,207,391,54,330,98,604,1562,642,1290,200,59,96,356,237,640,101,0
195,599,496,887,10,644,825,831,942,421,528,589,400,621,366,219,293,350,1169,230,153,455,191,949,1181,1964,230,378,41,746,378,563,763,450,985,336,141,103,1745,106,452,423,447,395,308,449,703,812,521,210,182,62,66,467,121,240,693,1241,594,254,465,950,203,127,90,267,538,114,1074,596,553,347,92,708,571,354,473,160,614,766,415,764,216,103,655,64,142,259,78,167,342,236,164,19,1573,68,572,323,248,363,282,10,132,215,194,41,10,66,346,88,261,455,10,59,97,76,193,70,107,126,38,11,16,36,129,136,305,114,120,55,112,58,462,148,165,165,138,201,189,93,310,124,194,208,344,493,190,671,111,104,148,379,215,1080,182,150,2936,704,671,253,207,665,179,142,174,168,163,113,254,1208,346,129,167,320,1569,577,84,170,910,892,890,798,1155,100,121,323,120,267,163,150,184,86,132,182,206,121,603,299,184,243,319,65,169,145,167,1045,527,13,103,139,107,131,164,401,310,205,89,173,165,134,132,89,92,218,188,348,171,513,303,235,132,171,185,203,26,122,97,110,2014,124,137,130,141,663,69,256,31,46,311,113,125,259,128,134,305,154,659,138,129,10,78,520,420,86,113,137,790,158,90,150,112,137,557,2082,68,161,99,195,139,28,115,96,151,248,112,76,822,464,208,211,153,1170,116,233,735,179,143,5002,1872,127,710,965,494,505,862,724,192,102,379,490,414,2242,76,937,726,213,229,1293,238,195,77,234,119,1515,364,66,1258,137,612,946,354,767,271,234,337,261,403,977,207,0
94,14,813,54,148,794,684,1688,2651,305,743,1811,1177,1274,686,97,88,1226,1081,381,173,1286,246,1031,1554,3569,464,1055,97,1350,623,595,1806,948,2276,901,103,107,3626,150,490,733,1229,41,833,1028,1397,1795,1463,73,137,103,184,108,163,958,1586,3095,407,68,612,1164,695,31,14,397,453,242,2612,1125,1500,599,135,1887,42,60,1785,350,45,782,305,515,45,58,1213,83,62,652,29,33,59,19,76,81,2137,39,10,470,35,30,85,10,28,10,10,77,23,114,610,184,148,1008,10,102,115,187,264,94,85,289,136,27,32,51,11,166,10,106,104,77,174,121,25,202,177,108,115,706,100,205,47,145,543,419,180,349,20,1139,169,196,168,375,285,72,143,18,3690,302,225,10,133,1664,25,203,675,82,88,101,232,780,34,314,549,184,964,366,132,10,149,2519,1861,50,216,148,110,237,84,16,79,511,289,71,424,138,268,192,1770,41,159,637,258,149,63,68,377,2723,230,23,83,48,342,45,896,34,91,235,170,400,177,233,83,55,186,67,10,164,21,443,10,94,123,87,184,67,512,56,84,55,115,33,114,218,17,970,99,186,10,10,15,317,64,896,512,176,124,146,10,257,189,135,103,367,1160,144,123,60,599,82,90,57,72,10,1035,1886,76,139,15,233,82,25,86,206,189,10,47,102,1909,986,44,146,121,862,161,139,1522,37,96,6823,1857,10,143,220,520,1259,438,75,295,53,209,353,265,2402,112,21,845,542,32,2549,503,50,200,265,108,70,108,588,204,70,353,2137,772,1728,184,15,13,387,13,414,142,0
145,523,622,881,10,762,949,738,1162,414,497,759,448,783,455,82,416,393,1208,306,256,586,190,962,1144,2230,191,327,127,697,377,747,778,705,1091,403,86,71,1891,90,620,443,529,362,374,585,773,881,560,188,225,48,110,896,78,390,850,1270,727,257,683,850,261,116,134,263,1003,106,1446,625,634,315,99,1239,159,128,666,192,545,722,604,1048,237,108,690,79,154,390,149,199,325,217,177,62,1205,44,404,272,148,82,144,10,83,124,99,59,68,71,270,94,142,233,10,98,104,69,363,36,35,61,75,45,50,121,178,190,139,80,148,58,121,132,174,99,112,105,98,215,129,81,190,119,372,258,346,426,241,1048,96,95,171,376,230,995,180,129,2712,344,261,204,265,857,137,171,347,64,169,159,508,615,341,162,256,277,531,511,116,104,550,965,975,262,569,99,77,319,96,29,96,200,154,61,289,150,262,122,675,172,194,154,338,112,158,132,165,1364,439,84,128,80,145,113,143,316,444,207,71,159,98,106,81,116,84,175,12,412,79,842,313,219,145,155,154,174,930,97,85,296,872,89,143,169,130,954,10,210,34,38,266,125,106,294,256,170,251,131,199,55,110,172,71,820,517,79,147,170,800,161,49,72,74,122,794,2015,79,179,122,173,75,134,100,78,186,95,92,99,966,497,360,189,188,1104,128,182,264,162,69,4262,1551,244,366,447,572,534,749,352,166,112,547,487,403,2147,59,278,595,307,193,784,151,135,66,289,208,569,436,1265,719,126,640,860,341,765,286,368,455,249,302,548,94,0
196,594,642,814,10,889,800,905,911,454,649,702,365,683,311,320,364,417,972,264,208,416,299,899,1188,1624,229,487,44,834,439,621,691,607,832,282,146,34,1478,48,505,440,467,431,296,535,764,771,551,183,129,41,38,589,38,297,850,1127,654,305,422,906,236,122,134,315,901,71,1004,549,421,377,65,855,205,107,592,214,512,780,434,705,205,119,563,36,123,310,155,185,434,284,281,10,1186,32,331,337,173,154,192,10,170,244,235,18,77,32,330,47,297,681,10,57,51,64,319,18,27,21,11,48,41,31,350,59,161,47,70,37,118,55,219,183,171,171,162,244,229,92,193,118,238,271,237,480,200,678,131,60,229,327,161,675,192,131,2007,458,426,215,315,732,118,225,101,250,175,100,630,1292,380,159,169,392,643,686,52,144,599,960,640,443,590,112,135,129,109,156,120,227,207,84,148,194,330,120,534,201,304,168,545,65,210,216,170,806,568,10,182,118,152,169,345,394,285,265,94,211,209,138,171,180,124,157,139,259,103,718,225,143,236,198,229,251,18,204,10,208,1030,138,174,52,162,640,54,184,100,140,271,133,110,330,280,83,276,133,332,73,69,10,43,462,497,42,96,194,703,151,38,164,78,94,357,1558,10,207,151,174,105,16,165,43,274,124,147,74,739,435,175,202,214,1153,29,202,41,209,104,2622,1638,264,1047,1421,595,511,640,785,238,122,422,542,421,1677,36,380,694,235,356,204,289,186,43,454,80,726,563,24,782,170,539,856,341,712,331,195,267,216,591,1170,295,0
223,416,692,1102,182,1118,1208,1078,1371,557,632,865,600,916,408,359,350,417,1449,349,167,504,217,855,1265,2335,162,392,45,842,490,717,899,729,987,461,129,89,1907,85,557,511,448,399,361,626,979,786,610,285,159,56,46,539,78,321,988,1475,817,321,335,1137,290,95,110,301,614,146,1300,655,654,430,140,1027,281,149,659,194,407,758,496,944,228,119,674,60,164,396,271,161,434,317,175,80,1751,29,237,420,148,145,185,10,122,214,189,45,79,59,337,106,277,574,10,60,37,54,373,43,53,25,47,113,103,29,101,166,167,89,147,46,129,46,239,166,204,128,115,222,221,91,220,104,213,316,356,404,234,795,102,81,195,524,207,824,157,116,2946,464,465,232,285,900,101,186,227,184,127,112,317,1207,463,172,338,318,123,617,107,135,581,1135,961,465,633,149,123,211,65,93,97,203,182,37,164,144,254,122,807,180,258,99,364,58,170,137,124,1080,621,10,145,140,142,156,253,307,240,257,75,138,112,99,144,79,131,172,35,221,73,773,294,261,112,162,189,260,51,134,87,209,1063,133,109,95,158,855,61,215,272,60,363,117,113,318,215,171,224,168,297,44,107,25,64,344,489,61,116,176,993,136,82,127,79,119,447,2144,37,196,101,161,92,46,131,72,187,91,56,128,1049,521,227,161,173,1311,120,92,263,163,173,4218,1714,178,842,1050,608,469,783,770,209,96,409,497,470,2080,62,364,652,276,257,751,291,293,47,262,169,732,632,76,801,131,561,931,433,743,268,236,276,220,357,1108,226,0
296,534,854,1219,10,1087,1237,1214,1480,475,731,925,549,853,541,18,312,565,1329,446,307,729,280,1168,1383,2073,245,463,44,948,588,867,925,796,1083,523,63,30,2040,63,632,558,659,302,549,839,880,1139,731,190,290,36,33,684,41,501,978,1180,805,366,513,1186,288,162,99,380,689,77,1355,860,686,572,120,1034,115,101,778,251,528,1091,504,752,177,119,705,42,124,497,56,147,390,271,213,27,1484,31,186,456,139,114,135,10,180,229,242,18,52,44,321,36,285,319,10,65,58,45,354,26,51,83,22,21,17,26,14,71,73,39,48,45,111,85,140,190,144,178,145,262,240,102,137,106,364,349,462,442,227,942,112,72,227,537,348,948,161,115,2303,367,344,180,169,954,109,133,380,260,149,122,327,1096,350,88,286,384,955,602,65,90,684,1139,901,201,555,139,110,218,139,80,155,265,252,109,247,184,141,143,823,169,216,209,302,89,181,133,256,1168,381,10,210,135,191,139,401,60,325,249,89,181,174,126,250,170,103,201,40,404,166,874,216,114,191,148,262,265,171,149,39,330,648,134,144,79,63,1024,12,180,167,22,155,153,128,241,104,120,119,92,119,125,43,41,49,280,416,54,126,154,980,202,56,144,103,103,537,1653,35,190,71,188,71,12,115,53,210,93,150,253,977,598,200,339,164,1589,41,354,139,232,197,3644,1615,265,674,872,680,806,593,707,198,100,465,560,447,1909,47,285,600,313,304,439,340,234,48,522,141,430,664,211,949,174,640,1223,447,830,212,220,365,324,253,946,141,0
359,616,750,997,41,1239,904,883,1123,542,626,768,549,788,318,49,465,648,915,561,543,537,252,952,1070,1545,273,555,10,737,688,662,729,677,997,410,280,18,1232,34,686,479,493,352,498,718,1034,921,735,140,317,27,22,494,19,389,916,1086,833,533,421,844,371,118,210,161,1046,60,1087,673,671,516,72,1041,146,117,514,336,474,771,534,636,191,151,659,10,93,413,76,238,390,239,246,16,1221,10,589,387,211,137,172,10,221,365,245,12,110,10,430,33,269,145,10,38,10,23,569,10,41,60,24,56,55,12,10,75,127,10,19,12,210,41,122,214,164,223,197,367,189,162,73,135,369,373,320,448,288,676,113,32,223,406,287,517,119,114,1447,75,48,230,233,724,162,247,369,66,113,175,210,880,334,200,390,363,39,566,17,129,340,959,845,234,574,121,79,215,144,149,200,227,182,36,249,283,252,193,877,166,183,105,269,11,193,91,244,905,404,10,201,148,143,110,199,306,365,160,152,203,152,128,160,151,147,232,140,338,237,364,283,96,93,139,270,205,10,121,21,368,606,151,205,38,49,808,10,276,195,22,433,150,155,233,215,282,579,138,158,64,10,10,27,466,531,30,105,106,796,190,36,213,113,17,443,1386,17,328,64,116,74,16,129,18,166,119,173,399,787,524,238,374,179,960,26,235,10,193,98,2156,1054,467,422,515,598,542,474,420,207,144,491,518,505,1380,13,200,615,333,313,38,225,173,34,513,105,361,234,18,453,160,657,888,456,813,198,213,254,278,154,811,172,0
185,486,733,864,57,884,859,867,1326,430,824,772,680,911,395,413,441,560,1168,380,331,659,309,945,1279,2482,224,509,48,721,412,858,991,626,1279,435,89,23,1872,40,537,507,663,325,546,898,825,1184,692,135,236,30,32,976,39,412,988,1546,875,316,437,1204,346,181,166,371,780,89,1530,776,670,474,109,972,432,231,794,248,588,771,550,896,139,148,717,46,52,435,201,197,371,219,190,10,1874,29,242,424,260,233,302,691,143,147,170,21,256,10,357,24,315,160,58,10,18,47,211,11,109,10,27,211,183,52,139,60,188,33,33,28,179,57,295,178,132,197,133,303,143,149,98,63,366,368,293,389,442,923,120,46,185,439,333,1044,243,122,1988,444,407,225,70,919,190,206,321,219,157,139,382,970,602,186,322,424,1106,621,48,177,927,1279,980,272,895,145,111,327,148,186,135,247,236,147,179,152,245,120,877,188,149,222,150,63,171,103,197,1233,437,1036,182,150,191,178,163,228,540,205,115,164,137,145,153,183,114,302,85,381,137,588,251,217,133,106,200,208,189,116,39,89,1528,119,156,61,119,958,10,274,304,83,93,133,139,270,197,133,216,130,320,67,77,33,36,265,577,38,161,141,999,232,19,214,103,10,496,2238,27,184,161,207,60,10,132,44,137,128,166,175,1053,557,315,381,131,870,47,235,70,256,129,3730,1044,395,228,263,588,656,636,115,224,138,400,518,374,2237,37,385,648,247,241,330,295,179,24,306,421,915,289,238,993,94,540,1178,456,943,229,200,310,252,594,706,179,0
136,416,457,876,52,616,568,777,1303,395,692,780,701,1000,581,112,359,562,904,329,377,732,160,1067,1105,2687,265,466,104,539,388,767,912,475,1539,421,324,29,2353,154,575,501,726,271,565,529,647,1108,748,84,263,70,179,739,142,633,904,1470,635,171,598,1018,312,109,107,331,655,229,1575,832,813,454,118,1127,381,337,834,260,671,920,439,614,147,94,877,93,112,469,153,178,304,108,135,102,2018,69,237,302,338,173,377,156,101,77,51,94,120,126,263,140,240,186,10,142,68,121,82,49,28,10,158,60,81,83,92,133,167,99,139,76,99,125,396,144,97,166,72,309,123,126,136,58,414,277,288,439,442,1080,81,169,139,299,303,549,268,137,1720,465,465,119,139,853,199,136,439,130,172,80,185,861,464,179,285,307,897,493,113,145,511,1160,1137,303,1763,117,96,294,167,205,191,142,234,100,255,116,139,133,931,298,85,239,115,160,130,70,231,1638,316,10,158,195,226,101,86,72,203,103,133,140,85,125,100,157,108,209,108,507,160,381,63,169,104,45,144,169,84,68,112,151,1956,92,184,178,92,982,31,409,81,26,69,96,102,227,126,62,58,103,395,197,173,10,96,327,582,135,103,168,760,223,95,78,162,147,1186,1822,110,104,99,384,76,31,145,146,75,179,106,35,924,372,130,244,130,756,149,226,987,90,48,3694,795,121,96,117,388,623,744,49,146,90,309,450,278,2115,121,558,414,238,147,1854,172,88,77,183,262,961,92,48,619,81,399,1235,371,997,165,55,133,310,458,440,94,0
10,10,10,10,27,13,247,27,68,26,242,391,140,238,57,10,552,175,75,41,126,602,59,10,144,2214,10,21,276,22,10,49,243,10,935,46,181,318,1320,288,21,228,509,215,177,135,84,68,138,10,21,241,162,47,450,485,10,907,16,10,31,10,108,10,55,258,148,347,810,71,227,10,195,423,10,27,647,53,16,57,76,227,65,10,204,190,10,148,95,63,53,90,29,114,2654,273,15,10,10,15,575,10,10,10,10,245,18,241,32,259,52,315,10,255,329,186,26,164,137,283,385,10,10,232,119,10,41,284,381,287,10,212,391,111,63,10,79,238,12,21,76,20,250,75,182,759,144,611,128,355,125,54,203,44,267,239,2321,298,152,10,38,84,27,39,299,243,118,10,189,291,674,108,84,405,612,718,394,424,1033,47,295,77,3268,84,75,476,123,10,36,162,209,95,174,167,10,257,108,660,54,262,10,288,163,15,310,1588,768,59,53,80,171,103,10,10,149,10,56,36,39,297,14,236,103,96,76,765,33,473,10,120,181,10,251,10,25,98,265,35,2806,10,283,488,10,23,151,465,172,10,195,43,60,398,512,10,110,92,45,405,308,320,116,790,108,363,42,89,218,50,145,10,94,281,452,10,147,10,80,709,232,86,112,327,88,10,79,126,28,17,14,140,75,108,628,91,5081,10,136,8081,36,10,59,43,28,22,1458,10,138,120,125,529,116,23,260,10,106,252,11,5294,45,175,323,121,145,549,10,10,1289,51,21,19,10,769,108,10,37,281,375,10,10,0
234,642,627,807,10,659,709,654,907,472,430,670,471,665,385,241,372,458,801,286,342,451,288,778,802,1130,258,430,17,601,383,604,618,599,796,368,191,10,1106,20,453,393,482,339,473,567,453,766,505,199,276,11,10,734,15,374,776,845,669,394,408,836,325,211,130,251,605,24,925,597,503,531,50,759,254,209,605,326,642,669,524,545,130,164,610,13,64,400,97,208,360,206,253,10,916,10,278,363,347,207,279,66,259,336,235,10,64,14,335,10,256,233,20,13,10,24,191,19,10,14,22,37,42,19,306,57,183,10,13,10,190,28,273,206,177,247,149,211,183,133,98,90,394,355,352,380,288,539,124,23,230,306,223,625,159,118,1248,458,449,226,218,652,266,204,309,194,165,206,485,704,474,175,291,399,863,487,10,155,693,759,685,361,580,143,130,272,147,175,194,181,224,163,258,241,301,169,645,222,222,247,192,13,168,166,209,736,387,84,205,165,200,222,192,345,326,269,125,193,310,149,164,168,139,280,139,381,171,543,200,160,145,132,278,261,182,135,11,214,822,180,219,42,180,623,10,290,199,96,206,141,153,212,173,116,346,161,256,31,10,10,14,459,470,20,169,157,617,194,10,247,131,20,411,1182,10,236,151,236,62,10,165,13,168,169,161,158,672,510,290,303,206,902,10,170,10,216,163,1853,965,307,395,489,508,585,515,506,217,116,441,463,377,1214,13,469,501,330,342,19,243,245,17,370,330,569,401,335,748,108,546,793,314,627,329,252,291,232,349,636,182,0
298,654,870,1385,10,932,1431,642,1265,503,1003,748,611,1080,541,45,575,635,1499,348,487,767,279,1273,1599,2561,304,810,75,1052,631,745,932,708,1391,532,368,10,2491,69,545,587,737,387,517,793,915,1178,693,84,246,44,119,725,63,619,1159,1310,895,394,679,1307,367,175,220,247,1074,100,1708,765,737,594,85,1178,19,61,875,213,581,915,553,994,151,150,646,56,203,652,351,241,413,327,165,57,2147,35,160,455,153,83,142,10,222,203,211,38,1136,27,479,32,390,1265,10,10,44,66,339,10,34,144,51,427,355,110,68,68,48,60,102,79,176,103,87,118,142,123,99,250,122,133,86,90,342,303,146,391,288,869,120,88,174,418,265,300,170,136,1668,264,231,96,123,717,98,176,318,126,178,77,829,257,370,95,266,397,41,797,96,97,316,1311,944,115,536,131,76,109,101,45,134,199,203,54,210,212,122,144,944,150,73,271,75,92,157,77,163,1424,386,10,162,186,257,97,168,10,234,203,107,177,301,157,158,129,108,124,95,351,87,430,52,201,99,76,144,201,412,95,63,150,580,144,160,125,96,985,24,215,73,16,143,121,166,392,280,119,61,75,77,116,10,18,32,305,545,58,126,137,838,252,104,151,63,29,542,2202,43,121,89,205,10,48,148,90,72,37,117,464,988,644,158,228,170,1374,54,181,119,193,131,2982,744,305,221,243,550,843,526,231,216,120,484,668,348,2270,70,147,699,292,319,466,217,102,75,406,128,230,188,624,391,94,803,1236,540,1011,168,78,75,404,160,172,144,0
249,828,373,466,10,516,354,427,670,245,1139,474,428,667,316,83,508,393,757,240,184,508,172,851,983,2465,205,402,75,560,268,486,681,268,1147,267,100,85,1768,102,458,457,545,252,387,332,417,808,669,80,256,53,169,528,59,406,421,863,284,110,382,734,228,127,85,297,713,115,1147,503,663,400,23,763,946,650,486,210,1199,697,560,946,321,116,555,66,175,272,78,185,257,113,67,31,2974,41,583,238,596,592,816,10,159,188,207,61,47,93,296,85,227,19,10,133,113,110,10,96,52,235,99,25,25,152,18,10,497,106,171,98,121,133,912,130,111,303,36,316,77,160,151,170,230,194,44,493,845,556,121,123,93,223,166,1115,259,171,133,621,641,208,10,522,684,136,212,194,355,62,228,36,506,137,164,412,111,803,83,302,55,822,921,1252,2220,100,137,491,290,697,446,84,183,200,172,73,89,153,631,872,34,392,11,66,129,106,315,1291,745,10,142,481,163,60,105,10,439,80,181,203,72,209,80,92,110,771,45,868,318,183,202,151,67,34,135,148,28,78,93,29,4152,124,204,171,159,745,34,721,125,62,14,133,150,389,342,67,11,108,1133,167,118,10,85,88,480,131,96,133,496,204,73,232,446,138,837,2116,90,123,100,407,95,30,137,112,55,439,137,10,695,338,224,200,217,664,136,477,1133,183,17,473,62,221,30,19,276,560,986,10,172,117,459,692,419,2444,74,1396,342,192,123,2218,133,53,135,235,330,2629,74,19,72,73,313,959,419,882,20,165,274,229,465,10,127,0
323,717,678,1007,52,885,1066,882,1224,527,575,656,579,861,525,134,358,400,1221,377,358,602,290,985,1013,1864,257,795,14,867,550,764,725,663,1026,470,192,12,1543,17,451,431,588,312,505,692,786,885,607,212,219,10,24,801,21,416,915,975,872,515,444,991,340,158,108,290,685,17,1256,712,589,716,88,1021,94,75,685,261,590,957,569,813,111,133,899,13,41,557,1042,176,373,212,238,26,1243,10,135,388,206,114,163,10,287,310,272,10,478,10,418,16,285,643,10,13,12,32,469,10,15,27,23,548,511,27,73,33,105,16,21,11,193,26,152,214,173,209,134,234,191,123,103,101,328,401,414,390,195,716,116,23,239,415,258,562,122,106,2400,312,270,185,389,796,140,169,295,161,142,171,361,1066,289,145,295,399,369,509,18,125,1000,995,855,200,525,133,110,221,124,103,119,211,220,160,260,203,216,166,844,109,205,241,440,43,185,219,157,941,341,10,213,127,171,182,286,218,327,257,84,179,283,112,229,133,131,170,69,335,93,680,115,124,125,174,211,211,56,147,10,125,732,149,146,42,87,781,10,217,244,133,134,130,107,222,151,186,391,129,122,35,25,60,18,403,502,20,162,115,781,213,10,204,83,19,528,1921,13,170,105,136,47,15,145,14,100,90,137,144,815,576,262,295,173,1357,19,146,18,297,145,3067,1655,210,932,1188,628,712,482,1096,167,105,556,447,438,1965,14,245,518,329,380,54,267,222,12,289,248,459,506,77,1047,120,675,940,382,745,315,164,210,339,445,1131,203,0
297,847,815,1306,69,916,1266,1121,1416,511,756,857,648,1008,520,53,401,459,1438,411,355,694,250,1141,1326,2250,288,772,64,940,463,777,906,730,1181,489,72,36,2007,56,534,531,636,358,479,723,950,1168,701,116,287,36,73,809,45,440,1071,1247,776,368,444,1182,291,143,100,284,923,97,1538,721,639,648,128,1018,213,169,744,186,698,1057,591,1041,143,115,939,36,168,470,103,162,341,271,274,36,1736,10,267,405,222,176,235,56,177,222,228,28,92,26,421,33,257,1423,10,81,73,83,105,10,51,28,69,52,45,52,56,10,220,61,91,43,165,75,280,154,157,191,81,258,149,102,114,173,308,374,208,509,424,865,109,68,175,411,234,828,142,127,2676,302,287,134,195,896,203,108,357,181,166,154,248,956,381,138,274,376,522,559,108,137,358,1214,991,344,859,120,103,264,118,189,185,186,242,118,246,276,149,147,898,231,125,199,249,40,188,82,131,1250,535,61,228,130,187,122,166,159,238,191,82,172,128,103,139,105,94,230,37,359,133,538,210,121,107,108,226,242,220,102,47,195,1414,130,130,107,73,1033,90,247,103,49,139,103,141,234,183,180,176,142,270,124,101,84,49,389,546,39,121,164,930,203,66,186,137,99,574,2435,14,151,94,184,90,117,127,35,75,162,121,270,996,610,289,281,170,1331,47,180,62,300,120,4258,1524,323,509,700,604,799,662,598,190,109,565,490,454,2636,49,539,636,327,329,312,221,118,74,296,261,846,308,294,457,89,571,1106,561,888,167,342,349,335,406,997,135,0
143,493,656,1031,161,753,884,1047,1375,437,709,802,639,930,441,190,350,434,1226,284,271,658,237,1465,1743,2647,228,614,58,829,315,706,760,541,1266,229,194,72,2553,127,500,599,593,327,242,623,760,937,582,164,110,39,88,721,146,391,841,1261,632,258,731,895,250,122,94,192,757,110,1402,775,572,415,102,1161,79,88,623,213,548,734,595,1094,162,91,796,47,196,381,756,155,404,241,382,30,1706,58,308,323,136,84,112,10,143,206,171,41,112,50,299,87,221,237,10,88,26,69,772,42,79,107,76,208,196,78,84,28,66,93,133,41,137,97,136,146,135,129,150,352,274,115,228,111,243,229,333,529,197,838,112,81,172,340,202,1139,129,124,3872,389,385,210,484,741,79,175,288,48,112,123,612,1421,374,196,274,344,932,537,99,88,636,1234,1015,173,467,110,117,398,81,78,60,213,149,33,212,111,200,127,780,150,324,186,298,106,167,69,155,1305,551,10,192,114,131,113,230,559,364,187,100,214,133,76,166,73,89,123,61,191,61,714,220,148,124,171,204,164,412,93,81,451,813,125,104,89,155,867,58,238,56,10,306,144,93,374,343,172,221,106,99,95,95,36,58,751,500,62,120,179,796,154,80,150,46,45,638,2076,54,134,70,148,152,23,132,37,121,55,100,207,1012,590,246,99,88,1125,132,236,417,171,109,5936,2212,69,503,628,444,604,813,540,185,74,485,471,442,2356,59,176,820,322,245,973,227,144,48,309,123,495,471,571,756,107,837,952,507,880,266,217,260,297,92,1329,87,0
325,832,675,908,10,867,911,728,1181,550,913,636,589,865,378,322,546,493,1206,336,343,564,306,1007,1228,1764,272,896,10,787,524,625,704,632,999,449,224,19,1682,25,491,494,576,341,469,596,717,940,594,257,382,15,20,758,35,455,892,996,802,354,486,967,332,145,138,231,892,41,1149,678,605,630,80,993,250,166,661,250,717,777,631,876,152,145,827,10,41,579,503,255,404,243,202,18,1659,10,332,336,277,150,219,10,316,351,290,17,998,10,414,25,265,171,321,10,10,12,348,24,21,37,15,609,597,27,240,38,161,23,18,10,178,38,196,195,192,193,137,237,153,137,166,144,354,390,253,407,383,693,129,16,246,438,270,369,131,111,2247,403,383,238,288,812,178,196,348,166,141,154,414,971,415,184,309,362,666,585,14,160,525,1058,739,309,699,127,117,160,136,158,236,156,155,60,271,174,288,108,873,234,214,199,255,17,221,129,185,990,407,10,193,134,154,138,300,310,191,225,123,216,259,84,170,134,132,336,81,304,173,713,128,164,141,116,211,192,42,117,38,230,922,160,164,44,121,885,10,241,338,90,332,144,124,287,180,240,494,151,226,26,10,14,22,363,618,24,156,153,728,210,10,207,115,29,552,1761,15,167,80,170,89,54,144,27,132,106,188,148,861,595,228,431,195,1145,14,68,19,250,60,3015,1481,482,349,372,510,618,526,598,187,118,424,505,495,1698,16,390,556,381,361,70,242,235,13,443,190,536,523,59,685,143,628,1032,404,773,216,131,130,244,354,973,179,0
231,616,808,883,24,1439,1273,933,1784,556,941,902,827,1033,266,34,535,837,1026,526,445,638,410,1380,1733,2489,225,724,14,1010,476,643,1015,727,1345,438,250,42,1982,43,843,715,669,369,530,691,1066,1071,890,151,357,26,40,714,17,551,957,1399,831,269,310,1313,400,106,121,319,822,27,1598,684,782,569,95,1160,289,228,911,245,674,834,661,832,181,96,844,25,42,708,188,237,562,239,161,25,1974,10,305,372,239,126,207,10,220,213,184,17,537,29,389,22,335,10,10,36,10,25,212,43,62,47,27,240,215,52,48,48,164,44,41,17,216,10,255,180,136,232,53,452,135,173,102,146,400,367,96,403,534,1125,186,41,136,536,401,367,224,88,1056,261,276,205,23,1016,179,197,446,185,214,90,295,382,403,146,508,472,23,542,17,237,120,1642,1234,457,1106,114,139,247,133,196,280,200,256,128,215,122,143,120,1403,432,97,217,128,10,126,95,228,1333,634,10,185,271,224,128,121,10,348,287,154,267,270,123,103,168,115,313,116,556,249,356,377,123,98,88,154,196,10,118,48,18,1443,138,197,56,313,1048,10,361,151,27,72,125,188,328,293,88,59,188,330,42,58,10,25,124,566,28,129,157,983,290,10,163,250,23,620,2027,25,321,98,201,117,49,118,16,97,128,198,170,986,571,314,290,183,1138,26,225,11,205,48,1788,351,259,51,78,701,900,914,54,223,142,535,489,556,1982,24,283,323,263,400,70,219,184,16,159,62,808,171,10,152,106,310,1319,498,1031,169,253,288,389,213,290,252,0
195,563,561,713,10,792,747,651,1147,364,657,687,551,814,468,46,427,570,1004,323,282,760,247,998,1115,2338,241,643,76,896,317,643,824,460,1335,402,185,47,2516,58,475,473,672,301,522,463,642,768,655,142,261,31,81,567,73,530,578,1027,618,207,541,965,248,111,92,314,564,77,1406,659,737,519,78,1068,342,274,842,319,843,725,586,990,194,104,809,14,163,556,635,179,364,211,250,68,1659,34,354,281,432,264,413,16,202,203,187,34,569,61,314,19,214,449,860,80,45,31,161,10,67,74,25,625,600,66,148,55,185,67,107,43,166,76,435,151,138,211,87,280,137,129,266,110,384,287,197,489,272,750,83,66,195,235,230,382,278,121,3877,449,478,133,404,742,193,141,276,184,166,79,281,1069,336,112,274,400,748,355,75,133,890,1166,951,513,1647,102,118,116,144,273,197,153,175,104,274,195,161,117,828,337,221,241,236,37,169,148,218,1245,571,11,165,195,177,117,179,181,278,192,111,169,114,113,127,126,95,323,114,279,156,588,119,161,169,104,277,167,79,138,72,51,2210,117,177,81,123,838,16,335,58,107,157,122,132,292,252,86,163,74,555,44,94,34,52,264,484,51,110,130,655,234,55,171,128,37,1049,1963,32,147,98,245,116,121,131,42,141,253,112,240,816,505,115,198,94,929,96,427,312,193,94,6391,1985,123,275,364,457,712,805,280,140,84,438,383,379,2409,45,699,387,289,223,697,193,144,10,257,35,1301,273,32,969,92,476,938,374,912,177,118,150,290,487,921,130,0
264,135,959,708,10,1157,1064,1150,1823,649,1078,1042,911,1225,554,591,505,839,1352,545,304,755,489,1289,1701,2229,352,1232,15,976,604,1037,1201,967,1451,701,307,16,2260,29,911,843,1066,350,694,1029,1212,1379,891,103,270,13,24,520,29,665,1323,1684,972,351,485,1404,616,59,77,424,1192,16,1780,1011,820,620,22,1345,167,126,1014,256,252,1150,577,747,126,136,1181,21,71,804,318,197,350,224,175,31,2154,14,174,417,123,38,125,10,126,80,75,10,403,25,594,22,324,224,10,10,21,22,307,12,108,13,27,296,294,10,184,82,68,27,22,12,299,41,108,270,239,211,117,467,219,233,139,110,570,483,249,486,244,1175,171,25,199,642,458,165,238,84,1814,231,258,104,86,926,54,155,517,160,186,157,431,713,349,296,561,486,119,595,30,59,89,1672,1161,94,645,171,130,222,142,69,202,399,252,148,337,133,314,207,1242,142,276,401,95,46,174,95,274,1498,396,18,143,162,375,63,290,82,256,258,195,400,297,212,98,121,184,284,43,166,126,889,23,177,163,124,336,325,898,115,12,196,414,143,221,76,114,1194,10,289,233,19,62,236,137,694,422,363,266,203,69,16,61,10,24,757,952,34,229,130,1104,238,10,181,75,10,674,2150,14,294,127,194,42,51,179,33,142,25,139,177,1318,988,153,301,359,1300,40,156,106,101,213,2771,939,413,111,151,597,902,502,64,314,108,433,535,460,1855,33,68,733,479,163,478,343,146,15,570,77,173,471,1819,151,159,560,1419,664,1192,262,41,70,350,200,551,274,0
10,10,10,10,10,10,358,24,10,43,10,39,10,10,31,10,67,43,56,10,36,583,31,92,10,193,10,10,346,10,10,10,13,10,74,10,43,490,157,504,10,38,121,206,10,10,10,10,27,10,10,285,422,10,697,52,10,10,10,10,10,10,17,10,10,37,41,800,428,17,10,34,263,11,10,10,551,10,45,53,10,10,75,36,10,320,79,10,92,10,54,10,50,262,3150,120,115,10,10,10,17,163,10,10,10,212,10,586,48,617,10,102,10,62,202,439,10,117,85,760,405,10,10,325,13,63,41,786,857,307,10,612,10,37,10,10,86,53,127,11,53,67,19,20,152,86,77,246,10,678,71,37,70,37,99,170,849,26,10,10,198,10,22,10,43,192,129,10,90,10,818,10,10,201,11,58,663,313,24,10,22,10,1780,10,77,59,17,10,10,108,25,10,10,24,10,193,10,458,102,84,10,394,12,14,26,854,1365,10,10,13,49,10,10,10,26,10,10,10,36,128,18,193,26,10,10,537,37,259,10,279,70,10,95,10,88,102,451,10,620,10,61,652,10,15,344,62,106,10,26,10,62,418,202,10,10,211,10,683,543,721,407,337,18,543,10,39,12,37,264,10,10,406,16,55,233,25,20,131,289,169,31,414,10,10,10,10,45,10,21,36,40,26,556,10,5440,10,10,2601,10,10,105,311,31,20,1326,10,55,10,11,77,198,95,265,18,26,16,82,7299,13,181,448,24,62,41,10,10,148,83,13,10,34,121,10,10,46,10,927,10,10,0
205,224,805,590,93,1090,960,1067,1535,550,884,930,792,1050,558,488,362,666,1281,367,169,815,425,1271,1572,2651,320,842,25,884,504,846,1000,695,1415,520,281,23,2450,23,576,533,851,386,527,790,904,1221,757,187,270,17,24,473,52,399,975,1605,759,319,618,1312,465,90,90,300,983,81,1502,814,656,753,61,1012,441,218,852,295,234,935,638,929,140,147,1015,24,41,429,213,147,322,199,315,10,1851,50,304,501,319,240,290,86,165,162,159,23,806,33,441,48,357,312,10,33,35,43,253,10,90,49,23,369,323,28,323,19,85,54,47,18,212,23,238,186,234,307,152,374,277,176,207,95,404,457,243,575,193,1077,158,42,206,330,271,238,192,90,3302,446,446,181,528,1060,74,257,264,105,230,134,704,1079,452,296,423,379,1297,698,32,40,787,1445,1196,106,838,183,157,139,108,222,200,224,221,192,235,209,366,207,1020,199,370,341,384,34,215,183,249,1383,561,14,122,164,188,95,271,304,252,329,169,330,228,168,166,95,155,326,160,247,55,705,83,189,162,156,344,364,54,84,10,148,667,122,190,41,171,979,20,301,59,62,80,219,132,445,266,219,469,178,152,58,66,64,40,712,644,39,237,111,956,152,10,185,103,10,581,2498,13,156,107,229,75,10,162,26,136,51,126,331,1188,889,156,355,199,1386,81,154,386,146,189,4853,2167,298,508,638,544,738,633,560,268,104,533,572,337,2537,25,342,372,433,206,855,379,280,28,394,154,309,466,67,966,143,867,1353,608,1124,258,52,67,272,346,840,126,0
460,416,1070,1031,10,1265,1382,1037,1470,733,982,1050,763,1094,416,292,306,640,1519,590,183,627,560,1308,1781,2087,312,1121,12,1131,761,802,1015,998,1089,597,287,15,1927,10,569,661,759,359,503,1098,1290,1220,755,280,179,10,19,527,26,428,1185,1306,883,576,399,1196,430,101,53,346,1016,16,1376,886,612,792,64,1072,241,133,803,303,314,1048,788,1031,151,159,1014,13,25,601,489,138,286,190,244,10,1774,12,268,572,217,222,216,10,127,162,131,15,104,10,564,19,290,179,77,10,10,27,513,10,142,47,10,236,214,10,47,38,145,10,10,10,132,29,171,272,273,276,170,338,200,217,136,258,317,493,319,426,126,986,191,11,173,510,287,487,124,69,2389,416,415,196,387,990,68,279,326,59,192,220,397,945,250,208,408,344,611,648,15,38,376,1491,911,97,582,193,145,402,105,174,206,220,267,103,240,127,373,206,902,122,270,290,626,50,124,153,223,987,378,12,170,142,189,81,391,332,621,368,143,312,228,147,173,78,159,199,130,123,56,738,218,181,98,277,336,322,563,90,23,244,434,133,156,40,49,1144,10,267,55,27,125,225,118,487,274,307,290,169,69,10,16,10,10,600,687,27,283,115,880,184,33,193,112,14,391,1931,10,286,77,119,85,10,153,11,138,35,139,358,1117,964,352,351,259,1603,32,184,43,122,123,3235,1736,126,527,696,654,831,581,1022,227,66,709,518,524,1824,10,234,663,492,251,179,446,376,14,810,112,207,658,1330,510,126,681,1247,632,912,263,241,213,237,149,955,262,0
287,1017,672,1098,95,640,779,806,1062,369,1354,591,544,648,401,140,630,432,994,277,288,452,234,1073,1215,1913,183,447,47,721,321,646,630,439,1009,398,216,33,1771,77,500,444,446,437,381,443,590,708,468,113,370,20,53,777,33,375,653,1099,650,228,594,886,236,126,409,266,1524,21,1182,584,571,488,75,945,394,239,594,238,857,757,523,883,153,144,627,26,102,381,130,332,290,192,168,22,2110,18,417,271,340,194,242,554,197,260,222,21,29,11,308,34,300,17,23,59,30,65,71,38,29,82,52,50,49,66,13,65,308,31,67,33,164,46,212,144,116,270,69,247,128,112,134,116,264,270,184,511,962,732,102,34,145,356,259,621,206,113,773,232,187,258,40,713,300,191,239,206,208,93,704,55,1121,97,241,378,236,517,52,282,146,920,1009,716,1002,120,124,337,177,229,322,140,174,112,169,91,129,119,724,348,109,161,135,45,127,112,183,1097,647,10,199,221,164,88,184,25,341,219,104,157,75,104,129,102,98,293,59,441,304,455,257,243,87,91,163,254,339,132,89,150,1272,131,153,130,142,837,10,307,511,75,89,112,128,232,219,95,47,122,456,22,71,10,35,218,469,38,84,144,643,186,60,230,156,35,629,1938,42,216,78,150,113,12,88,27,119,133,100,49,869,506,374,426,231,1029,47,227,44,244,90,1421,343,1116,84,99,462,553,840,59,155,157,453,475,554,2191,29,439,793,203,211,200,162,107,39,253,241,821,270,505,184,101,708,963,391,809,141,308,314,335,339,55,216,0
324,746,597,806,10,842,806,664,1074,481,505,663,465,598,412,418,486,381,984,282,310,455,285,952,1064,1531,271,601,10,731,433,630,556,536,950,378,95,10,1658,23,426,361,483,374,421,483,613,733,417,257,262,12,11,785,13,400,622,889,710,330,423,897,231,191,59,193,634,47,1116,608,534,579,57,695,247,169,631,379,612,658,686,969,140,117,737,21,91,400,266,226,422,263,289,15,1349,10,290,241,287,148,228,19,219,281,228,10,104,11,327,12,263,150,92,12,12,10,267,10,44,28,14,124,114,10,399,61,208,10,10,10,175,22,209,165,157,219,145,217,181,124,123,219,367,311,378,389,236,641,134,17,205,334,210,914,198,118,2542,499,480,233,332,717,175,196,262,141,153,201,316,1124,365,120,233,365,1091,480,10,123,1186,835,680,336,583,130,116,361,110,177,115,113,171,130,270,203,230,134,595,258,228,213,298,10,201,199,161,802,474,11,181,111,122,183,206,498,514,266,82,172,170,102,124,145,113,182,163,291,132,653,406,149,124,171,202,198,82,133,10,217,1118,154,157,20,126,672,10,208,97,134,154,114,135,215,154,110,323,157,292,29,24,53,11,446,408,22,174,148,650,193,10,193,101,87,513,1734,10,209,90,182,97,62,142,13,149,147,188,178,680,493,331,186,185,977,10,226,10,276,113,3183,1787,206,708,892,572,535,685,1024,163,117,588,455,436,1671,10,523,657,315,381,53,202,287,18,388,477,718,454,105,1127,110,545,828,298,682,245,450,361,232,477,1229,145,0
421,703,971,1050,10,1136,1214,930,1295,615,677,867,626,913,490,126,362,530,1323,420,364,592,344,1194,1356,1831,357,713,10,997,579,764,850,774,997,474,271,10,1456,18,577,519,641,345,529,868,1001,1061,638,227,159,11,30,722,18,430,1002,1234,888,534,318,1244,389,133,75,297,759,54,1316,760,647,660,61,978,307,186,643,258,547,895,610,831,170,131,850,17,78,508,44,109,382,225,220,14,1562,10,215,415,316,186,253,18,157,223,165,18,90,10,458,15,298,261,10,32,10,34,385,10,27,49,10,50,53,10,62,60,179,10,10,10,238,37,283,206,167,236,123,226,148,153,72,188,419,403,269,385,224,791,142,15,227,478,322,792,209,83,2052,415,457,187,339,859,167,232,372,167,143,219,287,1216,208,156,340,378,547,458,10,127,410,1133,847,368,617,149,128,340,119,134,130,183,257,86,258,170,273,160,829,182,176,251,353,20,207,126,185,935,422,10,208,139,172,177,275,251,581,261,96,167,206,120,191,124,128,255,100,328,93,664,366,175,119,170,217,210,31,151,10,244,1012,154,169,15,81,809,10,236,117,113,155,149,123,299,133,190,251,154,304,26,10,41,10,287,582,14,169,126,866,229,10,195,107,22,483,1873,10,279,135,216,110,46,155,17,158,179,185,122,895,664,306,228,201,1338,17,279,14,266,76,2722,1454,123,793,933,702,624,658,706,207,104,558,418,426,1830,11,389,567,367,366,38,254,278,10,431,133,649,520,40,508,100,495,1083,385,777,293,381,425,271,395,1148,283,0
371,627,501,678,10,634,588,702,774,489,706,759,423,584,198,732,292,348,848,233,143,341,282,825,1136,1202,178,439,12,810,424,569,533,556,695,296,257,10,1131,22,433,368,303,507,206,469,600,625,457,301,215,10,11,529,11,230,716,786,590,473,269,691,188,121,138,183,760,53,760,488,352,254,22,676,119,68,549,192,426,642,615,680,344,177,438,10,103,321,116,172,463,261,378,19,1054,35,388,297,107,78,83,13,304,456,386,10,52,10,405,22,292,1205,10,10,15,10,668,15,56,58,19,58,54,10,353,62,70,10,10,10,123,42,105,252,274,240,235,269,275,122,142,243,175,290,212,339,146,532,226,20,242,351,173,183,154,122,1386,672,706,246,634,552,73,278,43,108,312,167,174,993,434,351,242,403,220,691,10,107,679,784,469,208,400,153,154,102,104,35,121,177,200,29,164,213,410,174,436,154,308,134,549,12,406,130,214,591,469,10,257,102,114,145,384,151,235,414,116,315,573,126,206,73,163,189,185,200,260,688,92,266,142,204,236,204,11,157,55,127,316,159,161,29,68,572,10,237,91,10,228,227,158,454,318,356,285,324,112,35,32,10,10,535,479,11,170,151,637,147,37,141,90,18,262,1150,10,192,149,158,123,10,226,18,224,30,150,379,610,394,150,378,201,860,16,120,26,267,167,1803,1009,280,524,743,441,487,476,945,292,130,525,543,653,1179,13,124,563,373,432,64,462,312,20,476,73,226,622,23,656,339,429,501,332,534,173,171,186,187,86,859,500,0
141,232,612,803,10,1433,679,791,1214,481,911,859,710,857,312,70,585,623,984,286,320,508,379,1237,1784,2281,187,807,25,943,320,736,928,539,1018,378,169,29,2099,35,622,358,653,419,429,461,865,916,661,213,288,17,37,657,13,437,971,1571,727,189,256,1226,281,96,130,382,861,55,1369,552,585,346,16,1145,586,275,657,195,463,695,496,967,161,103,683,17,101,604,572,263,430,209,139,27,2319,20,406,222,223,92,317,130,166,122,113,15,352,22,284,14,285,84,363,16,10,52,233,49,41,43,41,240,230,16,143,42,301,33,34,14,90,45,279,171,136,245,55,361,224,123,132,193,267,218,170,658,617,1047,178,32,130,477,326,290,239,117,2561,636,627,201,247,797,185,159,248,240,255,128,431,997,547,161,414,462,317,734,27,321,411,1505,936,792,922,181,145,238,138,194,272,182,188,121,190,181,443,144,936,563,191,276,150,14,233,143,190,1207,693,10,190,251,213,158,335,142,280,309,138,244,378,113,188,114,112,280,103,332,242,575,140,195,138,108,244,273,302,160,91,70,1530,149,139,70,260,967,13,338,188,61,284,173,148,489,358,176,245,211,607,54,62,10,38,199,622,24,98,190,969,201,49,201,116,15,411,1505,10,266,135,224,46,65,176,24,147,89,147,186,922,445,330,237,148,833,23,128,24,262,184,3663,1017,257,204,223,575,399,806,92,283,153,441,544,502,1473,25,374,760,324,186,165,250,371,12,576,92,863,354,409,486,178,195,909,402,818,167,231,255,294,526,902,223,0
405,649,980,1301,58,761,1435,696,1500,662,475,758,411,875,296,117,271,914,1433,406,525,543,409,1645,2366,2386,142,442,10,933,548,523,701,793,653,250,148,10,2165,33,408,473,490,529,308,845,1172,715,646,399,184,17,10,647,17,318,960,1288,853,377,219,1182,292,101,87,380,848,10,1336,377,549,336,78,1112,48,35,635,293,455,756,601,1160,192,234,462,21,22,505,373,211,635,298,385,10,1949,10,470,418,87,59,88,10,396,455,383,20,78,12,440,13,208,65,10,10,10,10,190,47,110,50,16,118,98,14,202,10,34,10,10,10,86,12,47,123,203,172,362,203,283,225,80,195,217,424,254,425,130,807,182,20,144,477,251,91,189,155,1961,178,178,298,355,820,37,237,292,156,152,227,155,507,233,98,366,368,470,728,10,90,165,1062,751,130,194,158,163,32,65,20,60,174,186,58,131,106,525,174,711,106,260,217,88,10,240,131,121,834,625,10,222,139,85,156,308,10,112,379,295,276,302,105,166,97,135,132,58,124,153,520,17,100,79,160,127,158,10,187,26,122,249,221,118,59,354,938,10,179,67,10,413,215,115,403,372,97,438,192,62,31,59,10,16,395,557,10,151,178,1125,136,10,198,31,10,366,1798,10,102,169,127,47,61,175,13,137,22,79,767,722,403,149,315,248,1582,19,33,10,201,164,3377,713,207,329,412,711,420,407,365,236,136,542,536,771,1979,18,51,959,193,516,53,260,470,15,821,12,112,405,10,248,203,334,988,256,490,43,58,53,266,82,542,198,0
238,280,695,804,10,892,700,777,900,486,436,713,441,687,251,173,379,471,856,274,291,377,296,812,898,1377,148,332,16,827,375,616,624,576,871,389,146,10,1231,22,524,373,464,421,430,439,655,654,552,211,192,16,24,500,25,334,690,960,625,278,319,825,240,115,59,294,536,35,962,606,468,356,51,703,338,173,627,260,417,665,432,550,195,90,560,18,75,436,92,218,386,213,184,10,1122,10,440,274,186,96,233,10,152,199,183,10,70,10,312,17,243,736,10,14,11,15,288,11,179,45,10,55,56,10,310,65,134,10,10,10,88,28,261,238,171,212,142,306,230,155,174,188,274,267,261,350,142,653,181,15,206,348,278,662,224,143,1461,525,552,210,366,658,143,221,308,252,263,106,365,927,213,178,247,407,521,698,15,197,559,901,598,500,596,185,147,281,133,204,150,238,217,125,211,330,310,145,582,220,159,216,370,10,277,175,198,750,550,598,230,131,203,183,283,333,395,318,111,231,190,166,203,206,171,155,144,318,130,658,258,164,209,170,262,232,65,195,10,167,1035,174,194,10,111,692,10,288,43,162,318,186,145,483,344,136,235,232,379,45,15,10,12,486,490,24,125,161,645,193,10,205,151,10,369,1129,14,223,205,268,90,50,239,14,226,151,151,145,734,425,228,156,121,875,10,252,10,195,126,1909,1132,185,556,739,533,501,721,468,237,130,368,535,382,1104,11,367,612,269,251,34,285,278,22,504,174,760,440,49,646,202,306,698,338,710,264,295,317,237,598,786,334,0
243,616,616,962,10,513,884,859,1071,495,633,586,451,727,379,60,434,507,1063,324,447,506,292,1040,1178,1431,234,480,13,771,503,634,700,661,751,409,177,19,1366,11,477,423,440,347,393,613,714,802,436,197,197,20,20,591,17,358,767,840,707,405,383,955,312,199,111,279,680,56,1027,507,556,497,103,783,101,107,574,263,459,774,647,776,141,137,666,23,125,415,161,209,446,266,258,18,979,10,152,330,165,102,145,33,325,345,293,10,50,10,347,20,290,1211,10,26,10,18,415,10,174,62,14,53,56,22,87,61,80,10,10,10,182,43,107,229,189,237,121,215,183,142,105,162,292,310,344,520,259,584,128,38,244,618,387,507,113,166,1816,163,132,264,302,661,127,156,426,246,198,141,541,1121,358,212,290,439,616,495,11,166,556,851,542,190,367,171,118,215,136,82,149,163,221,48,210,242,235,187,686,155,210,238,365,19,207,109,225,821,397,11,227,171,169,130,442,19,460,309,144,230,301,138,262,144,125,202,67,186,152,775,150,94,155,142,281,275,293,169,10,413,573,176,172,46,127,714,10,218,73,10,228,134,135,343,284,207,266,140,106,38,35,10,18,222,468,24,131,137,723,164,53,213,72,37,319,1458,20,131,87,163,52,24,156,17,155,83,174,272,629,423,271,309,227,991,10,183,10,280,166,2303,1316,183,672,869,577,560,428,860,244,127,570,424,533,1440,20,229,602,328,380,32,240,256,34,581,115,318,623,559,588,133,555,806,287,560,357,260,289,266,148,997,181,0
